substanceBXH,gene_symbol
A1BG,A1BG
A4GALT,A4GALT
AACS,AACS
AADACL2,AADACL2
AADAT,AADAT
ABCA10,ABCA10
ABCB1,ABCB1
ABCB11,ABCB11
ABCC11,ABCC11
ABCC8,ABCC8
ABCG4,ABCG4
ABHD3,ABHD3
ABLIM2,ABLIM2
ABP1,ABP1
ABR,ABR
ABT1,ABT1
ACADM,ACADM
ACAN,ACAN
ACAP1,ACAP1
ACAP2,ACAP2
ACAT2,ACAT2
ACBD6,ACBD6
ACER1,ACER1
ACMSD,ACMSD
ACO2,ACO2
ACP6,ACP6
ACRC,ACRC
ACSM2B,ACSM2B
ACTG2,ACTG2
ACTL6B,ACTL6B
ACTL7A,ACTL7A
ACTN3,ACTN3
ACTN4,ACTN4
ACTR6,ACTR6
ACVRL1,ACVRL1
ADA,ADA
ADAM20,ADAM20
ADAM30,ADAM30
ADAM32,ADAM32
ADAM33,ADAM33
ADAMTS16,ADAMTS16
ADAMTS3,ADAMTS3
ADAMTS8,ADAMTS8
ADARB1,ADARB1
ADAT1,ADAT1
ADAT2,ADAT2
ADCY3,ADCY3
ADCY5,ADCY5
ADCY7,ADCY7
ADCYAP1R1,ADCYAP1R1
ADH5,ADH5
ADIPOQ,ADIPOQ
ADK,ADK
ADORA2B,ADORA2B
ADPRHL1,ADPRHL1
ADPRHL2,ADPRHL2
ADRA2C,ADRA2C
ADRB1,ADRB1
ADRB3,ADRB3
ADRBK2,ADRBK2
ADSL,ADSL
AEBP1,AEBP1
AEBP2,AEBP2
AFAP1L1,AFAP1L1
AFG3L2,AFG3L2
AGBL3,AGBL3
AGBL5,AGBL5
AGR3,AGR3
AGTRAP,AGTRAP
AGXT2,AGXT2
AHCY,AHCY
AHSA1,AHSA1
AIFM3,AIFM3
AIM1,AIM1
AK8,AK8
AKAP13,AKAP13
AKAP3,AKAP3
AKAP5,AKAP5
AKIRIN2-AS1,AKIRIN2-AS1
AKT1,AKT1
ALAD,ALAD
ALAS1,ALAS1
ALDH1A3,ALDH1A3
ALDH1L2,ALDH1L2
ALDH5A1,ALDH5A1
ALDH8A1,ALDH8A1
ALDOC,ALDOC
ALG12,ALG12
ALG14,ALG14
ALKBH4,ALKBH4
ALKBH6,ALKBH6
ALKBH7,ALKBH7
ALLC,ALLC
ALOX12B,ALOX12B
ALOX15,ALOX15
ALOX15B,ALOX15B
AMBN,AMBN
AMDHD2,AMDHD2
AMPD2,AMPD2
AMTN,AMTN
ANAPC16,ANAPC16
ANG,ANG
ANGEL1,ANGEL1
ANGPT4,ANGPT4
ANGPTL4,ANGPTL4
ANK1,ANK1
ANKAR,ANKAR
ANKRD16,ANKRD16
ANKRD18A,ANKRD18A
ANKRD20A1,ANKRD20A1
ANKRD20A4,ANKRD20A4
ANKRD24,ANKRD24
ANKRD29,ANKRD29
ANKRD30B,ANKRD30B
ANKRD34B,ANKRD34B
ANKRD37,ANKRD37
ANKRD53,ANKRD53
ANKRD6,ANKRD6
ANKRD65,ANKRD65
ANKRD9,ANKRD9
ANKS6,ANKS6
ANO3,ANO3
ANP32B,ANP32B
ANP32C,ANP32C
ANP32D,ANP32D
ANPEP,ANPEP
ANXA9,ANXA9
AOAH,AOAH
AP1G1,AP1G1
AP1M2,AP1M2
AP1S1,AP1S1
AP2A1,AP2A1
APCS,APCS
APEH,APEH
APEX2,APEX2
APH1B,APH1B
APLN,APLN
APOBEC3C,APOBEC3C
APOBEC3D,APOBEC3D
APOBEC4,APOBEC4
APOC2,APOC2
APOE,APOE
APOH,APOH
AQP10,AQP10
AQP11,AQP11
AQP4,AQP4
AQP6,AQP6
AQP8,AQP8
AR,AR
ARC,ARC
ARFGAP1,ARFGAP1
ARG2,ARG2
ARGFX,ARGFX
ARHGAP1,ARHGAP1
ARHGAP18,ARHGAP18
ARHGAP20,ARHGAP20
ARHGAP44,ARHGAP44
ARHGDIA,ARHGDIA
ARHGDIB,ARHGDIB
ARHGDIG,ARHGDIG
ARHGEF33,ARHGEF33
ARHGEF38,ARHGEF38
ARHGEF40,ARHGEF40
ARID1A,ARID1A
ARID3B,ARID3B
ARL17A,ARL17A
ARL2BP,ARL2BP
ARL4C,ARL4C
ARL6IP1,ARL6IP1
ARMC2,ARMC2
ARMCX2,ARMCX2
ARMCX3-AS1,ARMCX3-AS1
ARPC1A,ARPC1A
ARPC3,ARPC3
ARPC4,ARPC4
ARRB1,ARRB1
ARRDC5,ARRDC5
ARSI,ARSI
ARSJ,ARSJ
ARX,ARX
AS3MT,AS3MT
ASAH1,ASAH1
ASAP2,ASAP2
ASB14,ASB14
ASB16,ASB16
ASCC2,ASCC2
ASCL2,ASCL2
ASF1A,ASF1A
ASPA,ASPA
ASPHD1,ASPHD1
ATF4,ATF4
ATF7IP2,ATF7IP2
ATG10,ATG10
ATG16L2,ATG16L2
ATG4D,ATG4D
ATP11B,ATP11B
ATP1A1,ATP1A1
ATP1B3,ATP1B3
ATP2B3,ATP2B3
ATP5G1,ATP5G1
ATP5O,ATP5O
ATP5SL,ATP5SL
ATP6V0C,ATP6V0C
ATP6V0D2,ATP6V0D2
ATP6V1G2,ATP6V1G2
ATP8A1,ATP8A1
ATP8B4,ATP8B4
ATXN7,ATXN7
ATXN7L3,ATXN7L3
AURKA,AURKA
AVPR1B,AVPR1B
AWAT1,AWAT1
AZIN1,AZIN1
B3GALNT1,B3GALNT1
B3GALT2,B3GALT2
B3GNT1,B3GNT1
B3GNT6,B3GNT6
B3GNT8,B3GNT8
B4GALT6,B4GALT6
B9D2,B9D2
BAD,BAD
BAG3,BAG3
BAIAP2L1,BAIAP2L1
BARHL2,BARHL2
BASP1,BASP1
BATF,BATF
BATF2,BATF2
BBS2,BBS2
BCAM,BCAM
BCAN,BCAN
BCAS2,BCAS2
BCL2,BCL2
BCORL1,BCORL1
BDH2,BDH2
BDP1,BDP1
BEGAIN,BEGAIN
BEND5,BEND5
BEST1,BEST1
BEX2,BEX2
BGN,BGN
BHLHE22,BHLHE22
BHLHE41,BHLHE41
BHMT,BHMT
BICD1,BICD1
BIN1,BIN1
BIN2,BIN2
BLID,BLID
BLK,BLK
BLMH,BLMH
BMP15,BMP15
BMP5,BMP5
BMP6,BMP6
BNIPL,BNIPL
BOK,BOK
BPIFB6,BPIFB6
BRAT1,BRAT1
BRCA1,BRCA1
BRD1,BRD1
BRDT,BRDT
BRPF3,BRPF3
BSDC1,BSDC1
BSND,BSND
BSPH1,BSPH1
BST1,BST1
BTBD19,BTBD19
BTN3A1,BTN3A1
BUB1,BUB1
BUB1B,BUB1B
C4B,C4B
C7,C7
C8A,C8A
CA9,CA9
CABP2,CABP2
CABP5,CABP5
CACNA1A,CACNA1A
CACNA1F,CACNA1F
CACNA1I,CACNA1I
CACNB1,CACNB1
CACNB4,CACNB4
CACNG1,CACNG1
CACNG4,CACNG4
CACNG6,CACNG6
CACNG8,CACNG8
CADPS,CADPS
CALB1,CALB1
CALD1,CALD1
CALHM2,CALHM2
CALM1,CALM1
CALR,CALR
CAMTA2,CAMTA2
CAND1,CAND1
CAPG,CAPG
CAPNS2,CAPNS2
CARS,CARS
CASC3,CASC3
CASP1,CASP1
CASP4,CASP4
CASQ2,CASQ2
CATSPER1,CATSPER1
CATSPERB,CATSPERB
CBR4,CBR4
CBY1,CBY1
CCDC11,CCDC11
CCDC110,CCDC110
CCDC111,CCDC111
CCDC113,CCDC113
CCDC12,CCDC12
CCDC120,CCDC120
CCDC138,CCDC138
CCDC141,CCDC141
CCDC151,CCDC151
CCDC24,CCDC24
CCDC28A,CCDC28A
CCDC3,CCDC3
CCDC30,CCDC30
CCDC38,CCDC38
CCDC43,CCDC43
CCDC50,CCDC50
CCDC62,CCDC62
CCDC68,CCDC68
CCDC71,CCDC71
CCDC73,CCDC73
CCDC82,CCDC82
CCDC93,CCDC93
CCHCR1,CCHCR1
CCKAR,CCKAR
CCL13,CCL13
CCL15,CCL15
CCL18,CCL18
CCL19,CCL19
CCL22,CCL22
CCL26,CCL26
CCL28,CCL28
CCL4,CCL4
CCNA2,CCNA2
CCNB1,CCNB1
CCND3,CCND3
CCNE1,CCNE1
CCNI,CCNI
CCNYL1,CCNYL1
CCP110,CCP110
CCR1,CCR1
CCR10,CCR10
CCT2,CCT2
CD151,CD151
CD163,CD163
CD163L1,CD163L1
CD274,CD274
CD300C,CD300C
CD300LB,CD300LB
CD300LD,CD300LD
CD300LF,CD300LF
CD320,CD320
CD36,CD36
CD38,CD38
CD3E,CD3E
CD3G,CD3G
CD40LG,CD40LG
CD48,CD48
CD6,CD6
CD70,CD70
CD79B,CD79B
CD81,CD81
CD9,CD9
CDA,CDA
CDC25B,CDC25B
CDC37,CDC37
CDC42BPG,CDC42BPG
CDC42EP3,CDC42EP3
CDCA8,CDCA8
CDH10,CDH10
CDH16,CDH16
CDH18,CDH18
CDH19,CDH19
CDH8,CDH8
CDHR4,CDHR4
CDK2,CDK2
CDK7,CDK7
CDKL5,CDKL5
CDKN2A,CDKN2A
CDKN2C,CDKN2C
CDNF,CDNF
CDR2,CDR2
CDR2L,CDR2L
CDX2,CDX2
CDY2A,CDY2A
CEACAM4,CEACAM4
CEACAM5,CEACAM5
CEBPB,CEBPB
CELA2B,CELA2B
CELF4,CELF4
CEND1,CEND1
CENPE,CENPE
CENPT,CENPT
CEP152,CEP152
CEP19,CEP19
CEP57,CEP57
CEP72,CEP72
CEP78,CEP78
CEP97,CEP97
CER1,CER1
CERK,CERK
CERKL,CERKL
CERS5,CERS5
CES3,CES3
CES4A,CES4A
CFD,CFD
CFL2,CFL2
CGA,CGA
CGB,CGB
CGGBP1,CGGBP1
CGRRF1,CGRRF1
CH25H,CH25H
CHCHD10,CHCHD10
CHCHD4,CHCHD4
CHCHD6,CHCHD6
CHGB,CHGB
CHI3L2,CHI3L2
CHL1,CHL1
CHML,CHML
CHPF2,CHPF2
CHPT1,CHPT1
CHRM5,CHRM5
CHRNA5,CHRNA5
CHRNB2,CHRNB2
CHRNB3,CHRNB3
CHST13,CHST13
CHST5,CHST5
CHSY3,CHSY3
CHUK,CHUK
CIB1,CIB1
CIB4,CIB4
CIDEA,CIDEA
CILP2,CILP2
CIR1,CIR1
CKAP2L,CKAP2L
CKM,CKM
CLCF1,CLCF1
CLCN1,CLCN1
CLCNKA,CLCNKA
CLDN16,CLDN16
CLDN23,CLDN23
CLEC12A,CLEC12A
CLEC12B,CLEC12B
CLEC17A,CLEC17A
CLEC3A,CLEC3A
CLEC3B,CLEC3B
CLEC6A,CLEC6A
CLEC9A,CLEC9A
CLECL1,CLECL1
CLGN,CLGN
CLK2,CLK2
CLSTN1,CLSTN1
CLTC,CLTC
CLVS1,CLVS1
CLVS2,CLVS2
CMIP,CMIP
CMTM1,CMTM1
CNDP1,CNDP1
CNGA4,CNGA4
CNKSR3,CNKSR3
CNN3,CNN3
CNNM3,CNNM3
CNPY4,CNPY4
CNR2,CNR2
CNTF,CNTF
COG3,COG3
COL10A1,COL10A1
COL17A1,COL17A1
COL20A1,COL20A1
COL21A1,COL21A1
COL24A1,COL24A1
COL25A1,COL25A1
COL3A1,COL3A1
COL4A5,COL4A5
COL5A3,COL5A3
COL6A5,COL6A5
COL6A6,COL6A6
COL7A1,COL7A1
COL9A2,COL9A2
COMMD2,COMMD2
COMMD5,COMMD5
COMMD7,COMMD7
COPG2,COPG2
COPS3,COPS3
COQ4,COQ4
CORO1B,CORO1B
CORO1C,CORO1C
CORO2B,CORO2B
CORT,CORT
COX18,COX18
COX19,COX19
COX3,COX3
COX4NB,COX4NB
COX5B,COX5B
COX6A2,COX6A2
COX7A1,COX7A1
COX7B,COX7B
COX7B2,COX7B2
COX7C,COX7C
COX8A,COX8A
CPA3,CPA3
CPEB2,CPEB2
CPEB3,CPEB3
CPN1,CPN1
CPNE3,CPNE3
CPOX,CPOX
CPSF1,CPSF1
CPSF3,CPSF3
CPSF4,CPSF4
CPT2,CPT2
CPXM2,CPXM2
CPZ,CPZ
CR1,CR1
CRADD,CRADD
CRB2,CRB2
CREB5,CREB5
CRELD2,CRELD2
CRIP2,CRIP2
CRIPAK,CRIPAK
CRISP2,CRISP2
CRK,CRK
CRNKL1,CRNKL1
CRNN,CRNN
CROT,CROT
CRTAP,CRTAP
CRTC2,CRTC2
CRYBA2,CRYBA2
CRYBB3,CRYBB3
CRYM,CRYM
CSAD,CSAD
CSF1R,CSF1R
CSHL1,CSHL1
CSK,CSK
CSRNP2,CSRNP2
CSRP2BP,CSRP2BP
CST11,CST11
CST2,CST2
CST5,CST5
CST9L,CST9L
CT45A5,CT45A5
CTAGE15P,CTAGE15P
CTBP1,CTBP1
CTCF,CTCF
CTNNB1,CTNNB1
CTRB1,CTRB1
CTRL,CTRL
CX3CR1,CX3CR1
CXCL11,CXCL11
CXCL16,CXCL16
CXCR5,CXCR5
CXCR7,CXCR7
CXorf41,CXorf41
CXorf64,CXorf64
CXorf65,CXorf65
CXXC5,CXXC5
CYB5R1,CYB5R1
CYBB,CYBB
CYLC1,CYLC1
CYP20A1,CYP20A1
CYP26B1,CYP26B1
CYP2C19,CYP2C19
CYP2C8,CYP2C8
CYP2C9,CYP2C9
CYP2E1,CYP2E1
CYP4F22,CYP4F22
CYP4F3,CYP4F3
CYP4Z2P,CYP4Z2P
CYSLTR1,CYSLTR1
D4S234E,D4S234E
DACH2,DACH2
DACT1,DACT1
DAO,DAO
DAPK2,DAPK2
DAZL,DAZL
DBI,DBI
DBN1,DBN1
DBNDD1,DBNDD1
DCAF12L2,DCAF12L2
DCAF4,DCAF4
DCC,DCC
DCDC2B,DCDC2B
DCHS1,DCHS1
DCLRE1B,DCLRE1B
DCP1B,DCP1B
DCT,DCT
DCUN1D4,DCUN1D4
DDO,DDO
DDX1,DDX1
DDX19A,DDX19A
DDX49,DDX49
DDX54,DDX54
DDX59,DDX59
DECR1,DECR1
DEDD,DEDD
DEDD2,DEDD2
DEFB110,DEFB110
DEFB121,DEFB121
DEFB136,DEFB136
DEK,DEK
DEM1,DEM1
DFNB59,DFNB59
DGKD,DGKD
DGKK,DGKK
DHPS,DHPS
DHRS9,DHRS9
DHRSX,DHRSX
DHTKD1,DHTKD1
DHX33,DHX33
DHX8,DHX8
DIAPH2,DIAPH2
DICER1,DICER1
DIRAS2,DIRAS2
DIRAS3,DIRAS3
DKFZp564H213,DKFZp564H213
DKFZp667F0711,DKFZp667F0711
DLEC1,DLEC1
DLEU7,DLEU7
DLG3,DLG3
DLGAP3,DLGAP3
DLL3,DLL3
DLST,DLST
DMP1,DMP1
DMRT2,DMRT2
DMRT3,DMRT3
DMRTC1,DMRTC1
DMXL1,DMXL1
DNAJB3,DNAJB3
DNAJB4,DNAJB4
DNAJB8,DNAJB8
DNAJB9,DNAJB9
DNAJC13,DNAJC13
DNAJC19,DNAJC19
DNAJC22,DNAJC22
DNAJC5G,DNAJC5G
DNAJC7,DNAJC7
DNAJC8,DNAJC8
DNALI1,DNALI1
DNASE1,DNASE1
DNASE2,DNASE2
DNASE2B,DNASE2B
DOCK3,DOCK3
DOCK4,DOCK4
DOM3Z,DOM3Z
DPF1,DPF1
DPF2,DPF2
DPY19L3,DPY19L3
DPYS,DPYS
DPYSL2,DPYSL2
DPYSL3,DPYSL3
DRD1,DRD1
DSC2,DSC2
DSE,DSE
DTD1,DTD1
DTNBP1,DTNBP1
DTWD2,DTWD2
DTX3,DTX3
DUOX1,DUOX1
DUOXA1,DUOXA1
DUS2L,DUS2L
DUS4L,DUS4L
DUSP1,DUSP1
DUSP18,DUSP18
DUSP2,DUSP2
DUSP9,DUSP9
DUX3,DUX3
DVL3,DVL3
DYNC1H1,DYNC1H1
DYNC1LI1,DYNC1LI1
E2F1,E2F1
E2F2,E2F2
E2F4,E2F4
E2F5,E2F5
EAF2,EAF2
EBF3,EBF3
EBLN2,EBLN2
EBP,EBP
EBPL,EBPL
EDA2R,EDA2R
EDDM3A,EDDM3A
EDEM2,EDEM2
EDIL3,EDIL3
EDNRB,EDNRB
EEF1B2,EEF1B2
EFHC1,EFHC1
EFHD1,EFHD1
EFNA1,EFNA1
EFNB1,EFNB1
EFNB3,EFNB3
EFS,EFS
EGFL6,EGFL6
EGFL7,EGFL7
EGFR,EGFR
EHD2,EHD2
EI24,EI24
EID1,EID1
EID3,EID3
EIF2B2,EIF2B2
EIF2C2,EIF2C2
EIF2C4,EIF2C4
EIF2D,EIF2D
EIF3A,EIF3A
EIF3C,EIF3C
EIF3E,EIF3E
EIF3J,EIF3J
EIF3K,EIF3K
EIF4ENIF1,EIF4ENIF1
EIF5,EIF5
EIF5AL1,EIF5AL1
ELAC1,ELAC1
ELAC2,ELAC2
ELAVL1,ELAVL1
ELAVL2,ELAVL2
ELAVL3,ELAVL3
ELAVL4,ELAVL4
ELK1,ELK1
ELMO3,ELMO3
ELOVL2,ELOVL2
ELOVL7,ELOVL7
ELP3,ELP3
ELTD1,ELTD1
EMB,EMB
EME1,EME1
EML2,EML2
EMP1,EMP1
EMR3,EMR3
EMX1,EMX1
EN2,EN2
ENDOG,ENDOG
ENGASE,ENGASE
ENO1,ENO1
ENOSF1,ENOSF1
ENOX2,ENOX2
ENTPD3,ENTPD3
ENY2,ENY2
EPCAM,EPCAM
EPDR1,EPDR1
EPGN,EPGN
EPHA4,EPHA4
EPHA8,EPHA8
EPM2AIP1,EPM2AIP1
EPN2,EPN2
EPOR,EPOR
EPPK1,EPPK1
EPRS,EPRS
EPS8L1,EPS8L1
EPS8L2,EPS8L2
EPSTI1,EPSTI1
ERAP1,ERAP1
ERCC6L,ERCC6L
ERI1,ERI1
ERI3,ERI3
ERICH1,ERICH1
ERMAP,ERMAP
ERV3-1,ERV3-1
ERVH-3,ERVH-3
ETFA,ETFA
ETV1,ETV1
ETV5,ETV5
EVI5L,EVI5L
EXD1,EXD1
EXOC3,EXOC3
EXOC3L2,EXOC3L2
EXOC5,EXOC5
EXOSC1,EXOSC1
EXOSC4,EXOSC4
EXT1,EXT1
EXT2,EXT2
F3,F3
F7,F7
FABP12,FABP12
FAIM3,FAIM3
FAM102A,FAM102A
FAM105B,FAM105B
FAM107A,FAM107A
FAM108C1,FAM108C1
FAM114A2,FAM114A2
FAM124A,FAM124A
FAM127B,FAM127B
FAM129C,FAM129C
FAM154A,FAM154A
FAM155A,FAM155A
FAM156A,FAM156A
FAM162A,FAM162A
FAM163A,FAM163A
FAM170A,FAM170A
FAM170B,FAM170B
FAM172A,FAM172A
FAM173B,FAM173B
FAM175A,FAM175A
FAM176B,FAM176B
FAM179B,FAM179B
FAM181A,FAM181A
FAM181B,FAM181B
FAM186B,FAM186B
FAM189B,FAM189B
FAM18B2-CDRT4,FAM18B2-CDRT4
FAM193A,FAM193A
FAM194A,FAM194A
FAM205B,FAM205B
FAM20B,FAM20B
FAM26E,FAM26E
FAM27E3,FAM27E3
FAM3B,FAM3B
FAM40B,FAM40B
FAM43B,FAM43B
FAM46A,FAM46A
FAM46D,FAM46D
FAM47C,FAM47C
FAM47E,FAM47E
FAM48A,FAM48A
FAM49B,FAM49B
FAM53A,FAM53A
FAM54B,FAM54B
FAM55A,FAM55A
FAM63A,FAM63A
FAM63B,FAM63B
FAM69B,FAM69B
FAM71A,FAM71A
FAM71C,FAM71C
FAM71D,FAM71D
FAM71F2,FAM71F2
FAM73B,FAM73B
FAM75A3,FAM75A3
FAM75D1,FAM75D1
FAM75D3,FAM75D3
FAM75D4,FAM75D4
FAM78A,FAM78A
FAM81B,FAM81B
FAM82A1,FAM82A1
FAM83D,FAM83D
FAM83E,FAM83E
FAM86HP,FAM86HP
FAM89B,FAM89B
FAM95B1,FAM95B1
FAM98B,FAM98B
FANCB,FANCB
FANCI,FANCI
FARP2,FARP2
FARSB,FARSB
FASLG,FASLG
FASN,FASN
FASTK,FASTK
FASTKD3,FASTKD3
FASTKD5,FASTKD5
FATE1,FATE1
FAU,FAU
FBL,FBL
FBLN2,FBLN2
FBLN5,FBLN5
FBLN7,FBLN7
FBXL13,FBXL13
FBXL14,FBXL14
FBXL16,FBXL16
FBXL2,FBXL2
FBXL5,FBXL5
FBXL6,FBXL6
FBXO10,FBXO10
FBXO15,FBXO15
FBXO27,FBXO27
FBXO39,FBXO39
FBXO42,FBXO42
FBXO46,FBXO46
FBXO6,FBXO6
FBXO8,FBXO8
FBXO9,FBXO9
FBXW12,FBXW12
FCGBP,FCGBP
FCGR2C,FCGR2C
FERMT3,FERMT3
FEV,FEV
FEZ1,FEZ1
FFAR2,FFAR2
FGD3,FGD3
FGF20,FGF20
FGF21,FGF21
FGF8,FGF8
FHIT,FHIT
FHOD1,FHOD1
FHOD3,FHOD3
FIBIN,FIBIN
FIBP,FIBP
FICD,FICD
FIGLA,FIGLA
FIGNL1,FIGNL1
FIZ1,FIZ1
FKBP10,FKBP10
FKBP15,FKBP15
FKBP2,FKBP2
FKBPL,FKBPL
FLG2,FLG2
FLI1,FLI1
FLJ16734,FLJ16734
FLJ25363,FLJ25363
FLJ25917,FLJ25917
FLJ33534,FLJ33534
FLJ36848,FLJ36848
FLJ43944,FLJ43944
FLJ44477,FLJ44477
FLJ45684,FLJ45684
FLT3,FLT3
FLT3LG,FLT3LG
FMNL1,FMNL1
FMO5,FMO5
FMOD,FMOD
FMR1NB,FMR1NB
FN1,FN1
FN3KRP,FN3KRP
FNBP1L,FNBP1L
FNTB,FNTB
FOLH1B,FOLH1B
FOSL2,FOSL2
FOXB1,FOXB1
FOXB2,FOXB2
FOXD1,FOXD1
FOXE3,FOXE3
FOXI3,FOXI3
FOXN1,FOXN1
FOXRED2,FOXRED2
FOXS1,FOXS1
FRAT1,FRAT1
FRAT2,FRAT2
FREM2,FREM2
FRRS1,FRRS1
FST,FST
FSTL3,FSTL3
FSTL4,FSTL4
FTMT,FTMT
FTSJ2,FTSJ2
FTSJD2,FTSJD2
FUK,FUK
FUS,FUS
FUT2,FUT2
FUT8,FUT8
FXR1,FXR1
FXYD6,FXYD6
FXYD7,FXYD7
FZD5,FZD5
G6PC3,G6PC3
GABARAPL1,GABARAPL1
GABARAPL2,GABARAPL2
GABRP,GABRP
GAD1,GAD1
GAGE1,GAGE1
GAGE7,GAGE7
GALC,GALC
GALNT11,GALNT11
GALNT14,GALNT14
GALR3,GALR3
GAMT,GAMT
GAPT,GAPT
GATA1,GATA1
GATA5,GATA5
GATAD2B,GATAD2B
GBA3,GBA3
GBAS,GBAS
GBE1,GBE1
GC,GC
GCDH,GCDH
GCG,GCG
GCNT3,GCNT3
GCOM1,GCOM1
GDE1,GDE1
GDF9,GDF9
GEMIN7,GEMIN7
GEN1,GEN1
GET4,GET4
GFI1B,GFI1B
GFRA1,GFRA1
GGCT,GGCT
GIMAP1,GIMAP1
GIMAP4,GIMAP4
GIMAP7,GIMAP7
GIP,GIP
GIT1,GIT1
GJA10,GJA10
GJB1,GJB1
GJB6,GJB6
GKAP1,GKAP1
GLB1L3,GLB1L3
GLDC,GLDC
GLI3,GLI3
GLRA4,GLRA4
GLT8D2,GLT8D2
GLTSCR2,GLTSCR2
GLUD2,GLUD2
GLUL,GLUL
GLYATL3,GLYATL3
GLYR1,GLYR1
GM2A,GM2A
GMIP,GMIP
GMPPA,GMPPA
GNAI1,GNAI1
GNB1L,GNB1L
GNB3,GNB3
GNG13,GNG13
GNG3,GNG3
GNG5,GNG5
GNG8,GNG8
GNGT2,GNGT2
GNLY,GNLY
GNPAT,GNPAT
GNS,GNS
GOLGA4,GOLGA4
GORASP2,GORASP2
GP2,GP2
GPATCH1,GPATCH1
GPATCH2,GPATCH2
GPBAR1,GPBAR1
GPC5,GPC5
GPCRLTM7,GPCRLTM7
GPI,GPI
GPR108,GPR108
GPR113,GPR113
GPR115,GPR115
GPR12,GPR12
GPR125,GPR125
GPR137,GPR137
GPR141,GPR141
GPR142,GPR142
GPR150,GPR150
GPR153,GPR153
GPR160,GPR160
GPR171,GPR171
GPR174,GPR174
GPR176,GPR176
GPR179,GPR179
GPR182,GPR182
GPR19,GPR19
GPR3,GPR3
GPR50,GPR50
GPR55,GPR55
GPR63,GPR63
GPR68,GPR68
GPR77,GPR77
GPR82,GPR82
GPR84,GPR84
GPR98,GPR98
GPRASP1,GPRASP1
GPS1,GPS1
GPT,GPT
GPX6,GPX6
GRAMD2,GRAMD2
GRAP2,GRAP2
GRB2,GRB2
GREM2,GREM2
GRHL1,GRHL1
GRID2,GRID2
GRIK1,GRIK1
GRIN1,GRIN1
GRM4,GRM4
GRP,GRP
GSDMB,GSDMB
GSDMC,GSDMC
GSK3A,GSK3A
GSPT1,GSPT1
GSTA3,GSTA3
GSTM1,GSTM1
GSTM4,GSTM4
GSTT2B,GSTT2B
GTDC1,GTDC1
GTF2A2,GTF2A2
GTF2H1,GTF2H1
GTF2H2D,GTF2H2D
GTF2H3,GTF2H3
GTF3A,GTF3A
GTF3C1,GTF3C1
GTF3C4,GTF3C4
GTSE1,GTSE1
GUCY1A2,GUCY1A2
GUCY2D,GUCY2D
GYPA,GYPA
H2AFZ,H2AFZ
H2BFWT,H2BFWT
HAO1,HAO1
HAPLN2,HAPLN2
HAPLN4,HAPLN4
HAS2,HAS2
HBE1,HBE1
HBEGF,HBEGF
HBXIP,HBXIP
HCFC1,HCFC1
HCN3,HCN3
HCRTR1,HCRTR1
HDAC5,HDAC5
HEATR2,HEATR2
HELB,HELB
HELQ,HELQ
HEMGN,HEMGN
HEPH,HEPH
HEXB,HEXB
HEXIM1,HEXIM1
HEXIM2,HEXIM2
HEY1,HEY1
HEY2,HEY2
HEYL,HEYL
HGC6.3,HGC6.3
HGFAC,HGFAC
HILPDA,HILPDA
HINFP,HINFP
HIP1,HIP1
HIST1H2AG,HIST1H2AG
HIST1H2AH,HIST1H2AH
HIST1H2BA,HIST1H2BA
HIST1H2BE,HIST1H2BE
HIST1H2BG,HIST1H2BG
HIST1H2BO,HIST1H2BO
HIST1H3A,HIST1H3A
HIST1H3B,HIST1H3B
HIST1H3I,HIST1H3I
HIST1H4C,HIST1H4C
HIST1H4G,HIST1H4G
HIST1H4H,HIST1H4H
HIST2H2AB,HIST2H2AB
HIST4H4,HIST4H4
HLA-DRB4,HLA-DRB4
HMGB2,HMGB2
HMGCL,HMGCL
HMGCS1,HMGCS1
HMMR,HMMR
HMX3,HMX3
HN1,HN1
HNRNPAB,HNRNPAB
HNRNPCL1,HNRNPCL1
HNRNPUL1,HNRNPUL1
HOMEZ,HOMEZ
HOOK1,HOOK1
HOOK2,HOOK2
HOTAIR,HOTAIR
HOXB1,HOXB1
HOXB7,HOXB7
HOXC12,HOXC12
HOXC13,HOXC13
HOXC9,HOXC9
HP07349,HP07349
HP1BP3,HP1BP3
HPR,HPR
HPRT1,HPRT1
HPS6,HPS6
HPX,HPX
HRASLS2,HRASLS2
HRK,HRK
HSD17B13,HSD17B13
HSD17B14,HSD17B14
HSD17B3,HSD17B3
HSD17B8,HSD17B8
HSH2D,HSH2D
HSPB7,HSPB7
HSPBP1,HSPBP1
HSPD1,HSPD1
HTATSF1P2,HTATSF1P2
HTR1E,HTR1E
HTR2A,HTR2A
HTR3A,HTR3A
HTR3E,HTR3E
HTR5A,HTR5A
HUNK,HUNK
HUS1,HUS1
HVCN1,HVCN1
HYAL1,HYAL1
HYAL4,HYAL4
IAPP,IAPP
ICAM5,ICAM5
IDE,IDE
IDH2,IDH2
IDH3B,IDH3B
IDH3G,IDH3G
IFI27L1,IFI27L1
IFI27L2,IFI27L2
IFIT3,IFIT3
IFIT5,IFIT5
IFNA2,IFNA2
IFNA21,IFNA21
IFNA4,IFNA4
IFNAR1,IFNAR1
IFNAR2,IFNAR2
IFNGR1,IFNGR1
IFT140,IFT140
IFT46,IFT46
IFT80,IFT80
IFT88,IFT88
IGANRP,IGANRP
IGFALS,IGFALS
IGFBP4,IGFBP4
IGFBP6,IGFBP6
IGFBP7,IGFBP7
IGFL4,IGFL4
IGIP,IGIP
IGJ,IGJ
IGSF10,IGSF10
IGSF11,IGSF11
IL10,IL10
IL11RA,IL11RA
IL12RB1,IL12RB1
IL12RB2,IL12RB2
IL13,IL13
IL17RD,IL17RD
IL18,IL18
IL18BP,IL18BP
IL1RL2,IL1RL2
IL20,IL20
IL20RB,IL20RB
IL21R,IL21R
IL23A,IL23A
IL31,IL31
IL36RN,IL36RN
IL4R,IL4R
IL7R,IL7R
ILK,ILK
IMP3,IMP3
IMPACT,IMPACT
IMPDH1,IMPDH1
INADL,INADL
ING2,ING2
INHBC,INHBC
INO80C,INO80C
INPP5K,INPP5K
INSIG1,INSIG1
INS-IGF2,INS-IGF2
INSL5,INSL5
INSM1,INSM1
INSM2,INSM2
INTS12,INTS12
INTS3,INTS3
INTS9,INTS9
IPCEF1,IPCEF1
IPO11,IPO11
IQCC,IQCC
IQCF1,IQCF1
IQCF2,IQCF2
IQGAP2,IQGAP2
IRAK1BP1,IRAK1BP1
IRAK4,IRAK4
IRF2,IRF2
IRS4,IRS4
ISL1,ISL1
ISL2,ISL2
ISLR2,ISLR2
ISM1,ISM1
ISPD,ISPD
ISY1-RAB43,ISY1-RAB43
ITFG1,ITFG1
ITGA11,ITGA11
ITGA2,ITGA2
ITGA3,ITGA3
ITGB3,ITGB3
ITGB8,ITGB8
ITGBL1,ITGBL1
ITIH3,ITIH3
ITK,ITK
ITPKA,ITPKA
ITPRIPL1,ITPRIPL1
JAZF1,JAZF1
JOSD1,JOSD1
KANK2,KANK2
KANSL3,KANSL3
KAT2B,KAT2B
KAT5,KAT5
KATNAL1,KATNAL1
KBTBD6,KBTBD6
KCNA10,KCNA10
KCNA7,KCNA7
KCNAB1,KCNAB1
KCNAB3,KCNAB3
KCNG2,KCNG2
KCNG4,KCNG4
KCNH1,KCNH1
KCNIP1,KCNIP1
KCNIP3,KCNIP3
KCNJ1,KCNJ1
KCNJ11,KCNJ11
KCNJ12,KCNJ12
KCNJ2,KCNJ2
KCNJ4,KCNJ4
KCNJ5,KCNJ5
KCNJ8,KCNJ8
KCNK13,KCNK13
KCNK16,KCNK16
KCNK5,KCNK5
KCNK6,KCNK6
KCNK7,KCNK7
KCNK9,KCNK9
KCNN4,KCNN4
KCNS1,KCNS1
KCNS2,KCNS2
KCTD11,KCTD11
KCTD2,KCTD2
KDELC1,KDELC1
KDELR1,KDELR1
KDELR2,KDELR2
KDELR3,KDELR3
KDM3B,KDM3B
KDM6B,KDM6B
KHNYN,KHNYN
KIAA0100,KIAA0100
KIAA0226L,KIAA0226L
KIAA0232,KIAA0232
KIAA0284,KIAA0284
KIAA0319,KIAA0319
KIAA0368,KIAA0368
KIAA0895,KIAA0895
KIAA0913,KIAA0913
KIAA0922,KIAA0922
KIAA0947,KIAA0947
KIAA1009,KIAA1009
KIAA1143,KIAA1143
KIAA1377,KIAA1377
KIAA1383,KIAA1383
KIAA1456,KIAA1456
KIAA1467,KIAA1467
KIAA1468,KIAA1468
KIAA1530,KIAA1530
KIAA1598,KIAA1598
KIAA1614,KIAA1614
KIAA1751,KIAA1751
KIAA1797,KIAA1797
KIAA2013,KIAA2013
KIF13A,KIF13A
KIF9,KIF9
KIFC2,KIFC2
KIN,KIN
KIR2DS3,KIR2DS3
KIR3DL3,KIR3DL3
KIRREL,KIRREL
KISS1R,KISS1R
KLF13,KLF13
KLF4,KLF4
KLHDC5,KLHDC5
KLHDC8A,KLHDC8A
KLHDC9,KLHDC9
KLHL12,KLHL12
KLHL15,KLHL15
KLHL2,KLHL2
KLHL22,KLHL22
KLHL31,KLHL31
KLHL34,KLHL34
KLHL38,KLHL38
KLHL8,KLHL8
KLHL9,KLHL9
KLLN,KLLN
KLRD1,KLRD1
KLRF2,KLRF2
KNCN,KNCN
KRBA2,KRBA2
KRBOX1,KRBOX1
KRI1,KRI1
KRT19,KRT19
KRT20,KRT20
KRT24,KRT24
KRT31,KRT31
KRT6B,KRT6B
KRT71,KRT71
KRT77,KRT77
KRT78,KRT78
KRT81,KRT81
KRT84,KRT84
KRTAP10-5,KRTAP10-5
KRTAP10-7,KRTAP10-7
KRTAP11-1,KRTAP11-1
KRTAP19-1,KRTAP19-1
KRTAP19-7,KRTAP19-7
KRTAP2-1,KRTAP2-1
KRTAP21-3,KRTAP21-3
KRTAP22-1,KRTAP22-1
KRTAP23-1,KRTAP23-1
KRTAP3-1,KRTAP3-1
KRTAP4-2,KRTAP4-2
KRTAP4-5,KRTAP4-5
KRTAP5-10,KRTAP5-10
KRTAP5-5,KRTAP5-5
KRTAP5-9,KRTAP5-9
L1TD1,L1TD1
L3MBTL3,L3MBTL3
LACTB2,LACTB2
LALBA,LALBA
LANCL2,LANCL2
LAPTM4A,LAPTM4A
LARP1,LARP1
LAX1,LAX1
LBR,LBR
LCE2A,LCE2A
LCE2C,LCE2C
LCMT2,LCMT2
LCN10,LCN10
LCN12,LCN12
LCN6,LCN6
LCP2,LCP2
LDHC,LDHC
LDOC1,LDOC1
LELP1,LELP1
LENEP,LENEP
LEP,LEP
LEPRE1,LEPRE1
LEPREL4,LEPREL4
LETM1,LETM1
LETM2,LETM2
LGALS1,LGALS1
LGALS3BP,LGALS3BP
LHB,LHB
LHFPL5,LHFPL5
LHX2,LHX2
LHX4,LHX4
LHX5,LHX5
LIFR,LIFR
LILRA5,LILRA5
LILRB1,LILRB1
LILRB2,LILRB2
LIMA1,LIMA1
LIN28A,LIN28A
LINC00302,LINC00302
LINC00483,LINC00483
LIPF,LIPF
LIPG,LIPG
LIPH,LIPH
LMAN2L,LMAN2L
LMCD1,LMCD1
LMF1,LMF1
LMO3,LMO3
LONP1,LONP1
LONRF1,LONRF1
LOXHD1,LOXHD1
LPAR5,LPAR5
LPAR6,LPAR6
LPGAT1,LPGAT1
LPHN1,LPHN1
LPIN2,LPIN2
LPL,LPL
LPPR3,LPPR3
LPPR4,LPPR4
LRAT,LRAT
LRCH1,LRCH1
LRFN1,LRFN1
LRFN3,LRFN3
LRG1,LRG1
LRP10,LRP10
LRP1B,LRP1B
LRP2BP,LRP2BP
LRRC10B,LRRC10B
LRRC16B,LRRC16B
LRRC20,LRRC20
LRRC26,LRRC26
LRRC37A2,LRRC37A2
LRRC47,LRRC47
LRRC4C,LRRC4C
LRRC52,LRRC52
LRRC55,LRRC55
LRRC56,LRRC56
LRRC61,LRRC61
LRRC8E,LRRC8E
LRRCC1,LRRCC1
LRRN2,LRRN2
LRRN4CL,LRRN4CL
LRWD1,LRWD1
LSAMP,LSAMP
LSG1,LSG1
LSM3,LSM3
LSM4,LSM4
LST1,LST1
LTB,LTB
LTC4S,LTC4S
LUC7L2,LUC7L2
LUZP4,LUZP4
LUZP6,LUZP6
LXN,LXN
LY6G5B,LY6G5B
LY6G5C,LY6G5C
LY86,LY86
LYG2,LYG2
LYNX1,LYNX1
LYPD2,LYPD2
LYPD6,LYPD6
LYRM5,LYRM5
LYRM7,LYRM7
LYSMD2,LYSMD2
LYSMD3,LYSMD3
LYZL4,LYZL4
MAB21L1,MAB21L1
MACC1,MACC1
MAD2L1BP,MAD2L1BP
MAD2L2,MAD2L2
MAF,MAF
MAFG,MAFG
MAGEA4,MAGEA4
MAGEB10,MAGEB10
MAGEB2,MAGEB2
MAGEF1,MAGEF1
MALT1,MALT1
MAN2A1,MAN2A1
MANEAL,MANEAL
MAP3K5,MAP3K5
MAP3K6,MAP3K6
MAP4K2,MAP4K2
MAP4K3,MAP4K3
MAP6D1,MAP6D1
MAP7,MAP7
MAPK7,MAPK7
MAPK8IP3,MAPK8IP3
MAPKAPK2,MAPKAPK2
MAPRE2,MAPRE2
MAPRE3,MAPRE3
MAST1,MAST1
MASTL,MASTL
MATK,MATK
MATN4,MATN4
MB21D2,MB21D2
MBOAT1,MBOAT1
MBTPS1,MBTPS1
MC3R,MC3R
MC5R,MC5R
MCART6,MCART6
MCCC2,MCCC2
MCEE,MCEE
MCHR1,MCHR1
MCM2,MCM2
MCM3,MCM3
MCOLN2,MCOLN2
MCU,MCU
MDH1B,MDH1B
MED11,MED11
MED16,MED16
MED17,MED17
MED22,MED22
MED25,MED25
MED26,MED26
MED28,MED28
MED4,MED4
MED6,MED6
MED7,MED7
MED9,MED9
MEF2D,MEF2D
MEFV,MEFV
MEIG1,MEIG1
MEIS1,MEIS1
MEIS3,MEIS3
MESDC1,MESDC1
MESDC2,MESDC2
MESP2,MESP2
METRNL,METRNL
METTL18,METTL18
METTL22,METTL22
METTL2A,METTL2A
METTL7A,METTL7A
MEX3B,MEX3B
MFAP1,MFAP1
MFAP2,MFAP2
MFAP4,MFAP4
MFN1,MFN1
MFNG,MFNG
MGAT3,MGAT3
MICALCL,MICALCL
MID1IP1,MID1IP1
MIPOL1,MIPOL1
MIS12,MIS12
MITD1,MITD1
MKI67IP,MKI67IP
MKKS,MKKS
MKLN1,MKLN1
MKRN2,MKRN2
MLF1IP,MLF1IP
MLF2,MLF2
MLLT6,MLLT6
MMACHC,MMACHC
MMGT1,MMGT1
MMP12,MMP12
MMP20,MMP20
MMP9,MMP9
MOB3A,MOB3A
MOB3C,MOB3C
MORC2,MORC2
MPG,MPG
MPND,MPND
MPP6,MPP6
MRE11A,MRE11A
MRGPRD,MRGPRD
MRI1,MRI1
MRP63,MRP63
MRPL12,MRPL12
MRPL2,MRPL2
MRPL24,MRPL24
MRPL33,MRPL33
MRPL34,MRPL34
MRPL36,MRPL36
MRPL9,MRPL9
MRPS18A,MRPS18A
MRPS21,MRPS21
MRPS30,MRPS30
MRPS31,MRPS31
MRPS35,MRPS35
MRPS6,MRPS6
MS4A4A,MS4A4A
MS4A6E,MS4A6E
MSGN1,MSGN1
MSH6,MSH6
MSL1,MSL1
MSMB,MSMB
MSN,MSN
MST152,MST152
MT1F,MT1F
MT1G,MT1G
MT1H,MT1H
MT3,MT3
MTCP1,MTCP1
MTCP1NB,MTCP1NB
MTF1,MTF1
MTFMT,MTFMT
MTFP1,MTFP1
MTHFSD,MTHFSD
MTIF2,MTIF2
MTMR6,MTMR6
MTMR9,MTMR9
MTNR1B,MTNR1B
MTO1,MTO1
MTPAP,MTPAP
MTPN,MTPN
MTRNR2L6,MTRNR2L6
MTRNR2L7,MTRNR2L7
MTRNR2L9,MTRNR2L9
MTX1,MTX1
MUC19,MUC19
MUSTN1,MUSTN1
MVP,MVP
MX1,MX1
MYADML2,MYADML2
MYBL1,MYBL1
MYBL2,MYBL2
MYBPH,MYBPH
MYF6,MYF6
MYH1,MYH1
MYH9,MYH9
MYL12A,MYL12A
MYL3,MYL3
MYL5,MYL5
MYL9,MYL9
MYO18B,MYO18B
MYO1C,MYO1C
MYO3A,MYO3A
MYO5A,MYO5A
MYO5C,MYO5C
MYOG,MYOG
MYOM1,MYOM1
MYOT,MYOT
MYPOP,MYPOP
N6AMT2,N6AMT2
NAA11,NAA11
NAA20,NAA20
NAA38,NAA38
NAA50,NAA50
NACC1,NACC1
NADKD1,NADKD1
NADSYN1,NADSYN1
NAGA,NAGA
NAGPA,NAGPA
NAIF1,NAIF1
NANOG,NANOG
NANOGNB,NANOGNB
NANS,NANS
NAPA,NAPA
NAPEPLD,NAPEPLD
NARG2,NARG2
NAT1,NAT1
NAT9,NAT9
NAV3,NAV3
NCDN,NCDN
NCEH1,NCEH1
NCF2,NCF2
NCK1,NCK1
NCL,NCL
NCOA3,NCOA3
NCR3,NCR3
NCS1,NCS1
ND5,ND5
NDRG4,NDRG4
NDUFA10,NDUFA10
NDUFA11,NDUFA11
NDUFA13,NDUFA13
NDUFA4,NDUFA4
NDUFAF3,NDUFAF3
NDUFB5,NDUFB5
NDUFC1,NDUFC1
NDUFC2,NDUFC2
NDUFS5,NDUFS5
NDUFS6,NDUFS6
NDUFV3,NDUFV3
NECAB1,NECAB1
NECAB2,NECAB2
NECAP2,NECAP2
NEDD1,NEDD1
NEDD8,NEDD8
NEFL,NEFL
NEIL3,NEIL3
NES,NES
NEURL,NEURL
NEURL4,NEURL4
NEUROD4,NEUROD4
NFAT5,NFAT5
NFKB2,NFKB2
NFKBIA,NFKBIA
NGLY1,NGLY1
NGRN,NGRN
NHEJ1,NHEJ1
NHLH1,NHLH1
NIT1,NIT1
NKAP,NKAP
NKX1-2,NKX1-2
NKX2-1,NKX2-1
NKX2-5,NKX2-5
NKX6-1,NKX6-1
NLE1,NLE1
NLRP10,NLRP10
NLRP11,NLRP11
NLRP12,NLRP12
NLRP2,NLRP2
NLRP9,NLRP9
NME2,NME2
NMNAT2,NMNAT2
NMNAT3,NMNAT3
NMRAL1,NMRAL1
NMT1,NMT1
NOA1,NOA1
NOD1,NOD1
NOL3,NOL3
NOL9,NOL9
NOLC1,NOLC1
NOTO,NOTO
NOX5,NOX5
NPAS4,NPAS4
NPB,NPB
NPBWR2,NPBWR2
NPC1,NPC1
NPDC1,NPDC1
NPHP4,NPHP4
NPR2,NPR2
NPTX1,NPTX1
NR1D1,NR1D1
NR1H2,NR1H2
NR1H4,NR1H4
NR2C1,NR2C1
NR5A2,NR5A2
NRIP2,NRIP2
NRN1,NRN1
NRN1L,NRN1L
NSL1,NSL1
NSUN2,NSUN2
NSUN3,NSUN3
NSUN6,NSUN6
NT5C,NT5C
NT5C1A,NT5C1A
NT5DC3,NT5DC3
NT5M,NT5M
NTF4,NTF4
NTN3,NTN3
NTSR1,NTSR1
NUB1,NUB1
NUCB2,NUCB2
NUDC,NUDC
NUDCD1,NUDCD1
NUDT12,NUDT12
NUDT15,NUDT15
NUDT2,NUDT2
NUF2,NUF2
NUFIP2,NUFIP2
NUP107,NUP107
NUP210L,NUP210L
NUP54,NUP54
NUP88,NUP88
NXF2,NXF2
NXF3,NXF3
OAF,OAF
OAS3,OAS3
OAT,OAT
OAZ1,OAZ1
OAZ3,OAZ3
OBP2B,OBP2B
OCEL1,OCEL1
OCIAD2,OCIAD2
OCM2,OCM2
ODF2L,ODF2L
ODF3L2,ODF3L2
ODZ3,ODZ3
OGT,OGT
OIP5,OIP5
OIT3,OIT3
OLFML1,OLFML1
OLIG3,OLIG3
OMD,OMD
OMP,OMP
ONECUT2,ONECUT2
OOEP,OOEP
OPCML,OPCML
OPN1SW,OPN1SW
OPRD1,OPRD1
OPTC,OPTC
OR10A3,OR10A3
OR10A5,OR10A5
OR10C1,OR10C1
OR10G2,OR10G2
OR10H1,OR10H1
OR10H2,OR10H2
OR10J5,OR10J5
OR10T2,OR10T2
OR13A1,OR13A1
OR13C2,OR13C2
OR13C4,OR13C4
OR13F1,OR13F1
OR13H1,OR13H1
OR13J1,OR13J1
OR1A2,OR1A2
OR1D5,OR1D5
OR1G1,OR1G1
OR1L1,OR1L1
OR1L6,OR1L6
OR1Q1,OR1Q1
OR2A14,OR2A14
OR2A42,OR2A42
OR2B2,OR2B2
OR2D3,OR2D3
OR2J2,OR2J2
OR2M2,OR2M2
OR2M7,OR2M7
OR2T27,OR2T27
OR2T6,OR2T6
OR2Y1,OR2Y1
OR4A15,OR4A15
OR4C11,OR4C11
OR4C16,OR4C16
OR4C6,OR4C6
OR4F15,OR4F15
OR4F21,OR4F21
OR4F29,OR4F29
OR4K13,OR4K13
OR4K15,OR4K15
OR4M1,OR4M1
OR51D1,OR51D1
OR51T1,OR51T1
OR51V1,OR51V1
OR52A1,OR52A1
OR52E4,OR52E4
OR52N1,OR52N1
OR52N2,OR52N2
OR52N5,OR52N5
OR56A5,OR56A5
OR5AP2,OR5AP2
OR5I1,OR5I1
OR5P2,OR5P2
OR6B1,OR6B1
OR6B3,OR6B3
OR6C68,OR6C68
OR6C75,OR6C75
OR6K3,OR6K3
OR6K6,OR6K6
OR6P1,OR6P1
OR7C2,OR7C2
OR7E24,OR7E24
OR8B3,OR8B3
OR8D1,OR8D1
OR8G1,OR8G1
OR8G2,OR8G2
OR8G5,OR8G5
OR8K1,OR8K1
OR8K3,OR8K3
OR8K5,OR8K5
OR9I1,OR9I1
ORC2,ORC2
ORC3,ORC3
OSBPL11,OSBPL11
OSGIN1,OSGIN1
OSGIN2,OSGIN2
OSR2,OSR2
OTC,OTC
OTOL1,OTOL1
OTP,OTP
OTUB1,OTUB1
OTUD3,OTUD3
OTUD6A,OTUD6A
OTUD6B,OTUD6B
OTX2,OTX2
OVCH1,OVCH1
OVOL2,OVOL2
OXCT2,OXCT2
OXNAD1,OXNAD1
P2RY6,P2RY6
P2RY8,P2RY8
P4HA2,P4HA2
PABPC1L,PABPC1L
PABPC5,PABPC5
PACRG,PACRG
PACS2,PACS2
PACSIN1,PACSIN1
PACSIN3,PACSIN3
PAF1,PAF1
PAFAH1B3,PAFAH1B3
PAK6,PAK6
PAK7,PAK7
PALM2,PALM2
PAPD7,PAPD7
PAPOLG,PAPOLG
PAPPA2,PAPPA2
PAQR4,PAQR4
PARK7,PARK7
PARM1,PARM1
PARN,PARN
PARP2,PARP2
PARVG,PARVG
PATL1,PATL1
PCBD1,PCBD1
PCDH12,PCDH12
PCDH20,PCDH20
PCDHA8,PCDHA8
PCDHAC1,PCDHAC1
PCDHB10,PCDHB10
PCDHB12,PCDHB12
PCDHB14,PCDHB14
PCDHB8,PCDHB8
PCDHGA12,PCDHGA12
PCDHGA2,PCDHGA2
PCDHGA9,PCDHGA9
PCDHGB3,PCDHGB3
PCGF6,PCGF6
PCNX,PCNX
PCOLCE2,PCOLCE2
PCTP,PCTP
PDE3B,PDE3B
PDE6A,PDE6A
PDE6D,PDE6D
PDGFRA,PDGFRA
PDHA2,PDHA2
PDHX,PDHX
PDK3,PDK3
PDLIM1,PDLIM1
PDP2,PDP2
PDXDC1,PDXDC1
PDXP,PDXP
PDZD8,PDZD8
PECR,PECR
PEG3,PEG3
PEMT,PEMT
PEX11B,PEX11B
PEX11G,PEX11G
PFDN1,PFDN1
PFKP,PFKP
PFN1,PFN1
PFN2,PFN2
PGAM5,PGAM5
PGAP2,PGAP2
PGBD1,PGBD1
PGBD3,PGBD3
PGK2,PGK2
PGLYRP2,PGLYRP2
PGLYRP4,PGLYRP4
PHF13,PHF13
PHF5A,PHF5A
PHKB,PHKB
PHLDA3,PHLDA3
PHOSPHO2-KLHL23,PHOSPHO2-KLHL23
PHRF1,PHRF1
PHTF2,PHTF2
PHYHIP,PHYHIP
PHYHIPL,PHYHIPL
PI16,PI16
PI4K2B,PI4K2B
PIF1,PIF1
PIGG,PIGG
PIGO,PIGO
PIGZ,PIGZ
PIH1D2,PIH1D2
PIK3C2B,PIK3C2B
PIK3IP1,PIK3IP1
PIK3R5,PIK3R5
PINK1,PINK1
PIP4K2A,PIP4K2A
PIP5K1C,PIP5K1C
PIRT,PIRT
PISD,PISD
PITHD1,PITHD1
PITPNM1,PITPNM1
PITX2,PITX2
PJA2,PJA2
PKD1L1,PKD1L1
PKHD1L1,PKHD1L1
PKIA,PKIA
PKM2,PKM2
PLA1A,PLA1A
PLA2G1B,PLA2G1B
PLA2G2F,PLA2G2F
PLA2G3,PLA2G3
PLA2G5,PLA2G5
PLA2G6,PLA2G6
PLA2G7,PLA2G7
PLAC1,PLAC1
PLAC4,PLAC4
PLAT,PLAT
PLAUR,PLAUR
PLBD2,PLBD2
PLCB2,PLCB2
PLCG2,PLCG2
PLCXD2,PLCXD2
PLD1,PLD1
PLEK2,PLEK2
PLEKHH1,PLEKHH1
PLEKHJ1,PLEKHJ1
PLIN1,PLIN1
PLIN5,PLIN5
PLK4,PLK4
PLP2,PLP2
PLRG1,PLRG1
PLS1,PLS1
PLS3,PLS3
PLSCR1,PLSCR1
PLXNA1,PLXNA1
PLXND1,PLXND1
PM20D2,PM20D2
PMPCB,PMPCB
PNLIP,PNLIP
PNLIPRP1,PNLIPRP1
PNMA2,PNMA2
PNMA3,PNMA3
PNMA6A,PNMA6A
PNMA6C,PNMA6C
PNO1,PNO1
PNPLA8,PNPLA8
PNPO,PNPO
POC1B,POC1B
POLE2,POLE2
POLM,POLM
POLN,POLN
POLR1C,POLR1C
POLR2B,POLR2B
POLR2C,POLR2C
POLR2L,POLR2L
POLR3G,POLR3G
POLR3K,POLR3K
POMGNT1,POMGNT1
POMZP3,POMZP3
POP1,POP1
POP5,POP5
POTEB,POTEB
POU2F1,POU2F1
POU4F3,POU4F3
PPAP2C,PPAP2C
PPAPDC2,PPAPDC2
PPCDC,PPCDC
PPCS,PPCS
PPEF1,PPEF1
PPEF2,PPEF2
PPIL1,PPIL1
PPM1G,PPM1G
PPOX,PPOX
PPP1CA,PPP1CA
PPP1R10,PPP1R10
PPP1R13L,PPP1R13L
PPP1R14D,PPP1R14D
PPP1R15A,PPP1R15A
PPP1R7,PPP1R7
PPP1R9B,PPP1R9B
PPP6R1,PPP6R1
PPYR1,PPYR1
PRAM1,PRAM1
PRAMEF15,PRAMEF15
PRAMEF22,PRAMEF22
PRAMEF3,PRAMEF3
PRAP1,PRAP1
PRCP,PRCP
PRDX2,PRDX2
PRDX3,PRDX3
PREPL,PREPL
PRG2,PRG2
PRIC285,PRIC285
PRICKLE1,PRICKLE1
PRICKLE4,PRICKLE4
PRKCD,PRKCD
PRND,PRND
PRNP,PRNP
PROC,PROC
PROK2,PROK2
PROSER1,PROSER1
PROZ,PROZ
PRPF4,PRPF4
PRPS1L1,PRPS1L1
PRR14L,PRR14L
PRR15,PRR15
PRR18,PRR18
PRR24,PRR24
PRR9,PRR9
PRRG4,PRRG4
PRRT3,PRRT3
PRSS22,PRSS22
PRSS35,PRSS35
PRSS37,PRSS37
PRSS38,PRSS38
PRSS58,PRSS58
PRSS8,PRSS8
PRTFDC1,PRTFDC1
PRX,PRX
PSD2,PSD2
PSEN2,PSEN2
PSG5,PSG5
PSG9,PSG9
PSMA3,PSMA3
PSMB8,PSMB8
PSMC5,PSMC5
PSMD4,PSMD4
PSME1,PSME1
PSME3,PSME3
PSPHP1,PSPHP1
PTCD1,PTCD1
PTDSS2,PTDSS2
PTF1A,PTF1A
PTGER1,PTGER1
PTGER4,PTGER4
PTGIS,PTGIS
PTH1R,PTH1R
PTH2,PTH2
PTPLAD1,PTPLAD1
PTPN1,PTPN1
PTPN12,PTPN12
PTPN23,PTPN23
PTPN5,PTPN5
PTRH2,PTRH2
PTS,PTS
PTTG2,PTTG2
PUF60,PUF60
PXK,PXK
PXMP4,PXMP4
PXN,PXN
QPCTL,QPCTL
QTRT1,QTRT1
RAB10,RAB10
RAB12,RAB12
RAB2A,RAB2A
RAB3D,RAB3D
RAB3GAP2,RAB3GAP2
RAB40C,RAB40C
RAB41,RAB41
RAB5B,RAB5B
RAB6A,RAB6A
RAB6B,RAB6B
RAB7L1,RAB7L1
RABIF,RABIF
RABL3,RABL3
RACGAP1,RACGAP1
RAD51C,RAD51C
RAG1,RAG1
RANBP10,RANBP10
RANBP17,RANBP17
RANBP3,RANBP3
RANBP6,RANBP6
RAP1GAP2,RAP1GAP2
RARS2,RARS2
RASA3,RASA3
RASAL1,RASAL1
RASGEF1C,RASGEF1C
RASL10A,RASL10A
RASL11B,RASL11B
RBFA,RBFA
RBKS,RBKS
RBM25,RBM25
RBM28,RBM28
RBMXL2,RBMXL2
RBP7,RBP7
RCE1,RCE1
RCN1,RCN1
RCN3,RCN3
RCOR1,RCOR1
RCSD1,RCSD1
RDH14,RDH14
RDH16,RDH16
RECQL4,RECQL4
REG3G,REG3G
REM1,REM1
REN,REN
REP15,REP15
RER1,RER1
RETNLB,RETNLB
REXO1,REXO1
RFESD,RFESD
RFFL,RFFL
RFXANK,RFXANK
RG9MTD1,RG9MTD1
RGL2,RGL2
RGPD1,RGPD1
RGR,RGR
RGS13,RGS13
RGS14,RGS14
RGS7,RGS7
RHAG,RHAG
RHBDF2,RHBDF2
RHO,RHO
RHOA,RHOA
RHOBTB2,RHOBTB2
RHOBTB3,RHOBTB3
RHOC,RHOC
RHOG,RHOG
RHOJ,RHOJ
RHOV,RHOV
RICTOR,RICTOR
RILPL2,RILPL2
RIMBP3,RIMBP3
RIN3,RIN3
RIOK1,RIOK1
RIOK3,RIOK3
RIPK2,RIPK2
RIPPLY1,RIPPLY1
RIT2,RIT2
RLBP1,RLBP1
RMI2,RMI2
RMND1,RMND1
RNASE1,RNASE1
RNASE10,RNASE10
RNASE13,RNASE13
RNASE4,RNASE4
RNASE8,RNASE8
RNASEH2A,RNASEH2A
RNF122,RNF122
RNF138,RNF138
RNF141,RNF141
RNF150,RNF150
RNF165,RNF165
RNF186,RNF186
RNF19B,RNF19B
RNF214,RNF214
RNF224,RNF224
RNF4,RNF4
RNF40,RNF40
RNF41,RNF41
RNF43,RNF43
RNPS1,RNPS1
ROGDI,ROGDI
ROPN1,ROPN1
RPAP1,RPAP1
RPAP3,RPAP3
RPF1,RPF1
RPL11,RPL11
RPL12,RPL12
RPL18,RPL18
RPL18A,RPL18A
RPL19,RPL19
RPL22L1,RPL22L1
RPL27,RPL27
RPL32P3,RPL32P3
RPL36A-HNRNPH2,RPL36A-HNRNPH2
RPL9,RPL9
RPP25,RPP25
RPP40,RPP40
RPRD1B,RPRD1B
RPS25,RPS25
RPS4X,RPS4X
RPS6KA1,RPS6KA1
RPS6KA6,RPS6KA6
RPS6KC1,RPS6KC1
RQCD1,RQCD1
RRAS,RRAS
RRM2,RRM2
RRP7A,RRP7A
RRP8,RRP8
RRS1,RRS1
RSPH10B,RSPH10B
RSPH6A,RSPH6A
RSRC2,RSRC2
RTEL1,RTEL1
RTN1,RTN1
RTN4IP1,RTN4IP1
RTN4R,RTN4R
RTP4,RTP4
RTTN,RTTN
RUFY4,RUFY4
RXFP1,RXFP1
RXRA,RXRA
S100A1,S100A1
S100A8,S100A8
S100A9,S100A9
S100G,S100G
S1PR4,S1PR4
SAA1,SAA1
SACM1L,SACM1L
SALL2,SALL2
SALL3,SALL3
SALL4,SALL4
SAMD15,SAMD15
SAMSN1,SAMSN1
SART1,SART1
SAT2,SAT2
SATL1,SATL1
SBNO1,SBNO1
SCAMP1,SCAMP1
SCAMP2,SCAMP2
SCAND1,SCAND1
SCAND3,SCAND3
SCG5,SCG5
SCGB1A1,SCGB1A1
SCGB1C1,SCGB1C1
SCGB2A1,SCGB2A1
SCGB2A2,SCGB2A2
SCHIP1,SCHIP1
SCN2B,SCN2B
SCO2,SCO2
SCXA,SCXA
SDCBP,SDCBP
SDF2L1,SDF2L1
SDF4,SDF4
SDHAF2,SDHAF2
SDHAP1,SDHAP1
SDHB,SDHB
SDIM1,SDIM1
SDR16C5,SDR16C5
SEC16A,SEC16A
SEC16B,SEC16B
SEC23IP,SEC23IP
SEC24C,SEC24C
SELENBP1,SELENBP1
SELO,SELO
SEMA3C,SEMA3C
SEMA3E,SEMA3E
SEMA3G,SEMA3G
SEMA4D,SEMA4D
SEMA6D,SEMA6D
SEMG2,SEMG2
SENP2,SENP2
SENP5,SENP5
SERF1B,SERF1B
SERPINA10,SERPINA10
SERPINA5,SERPINA5
SERPINA6,SERPINA6
SERPINB13,SERPINB13
SERPINB2,SERPINB2
SERPINB3,SERPINB3
SERPINB8,SERPINB8
SERPINF1,SERPINF1
SERTAD1,SERTAD1
SERTAD4,SERTAD4
SETMAR,SETMAR
SF3A2,SF3A2
SFRP4,SFRP4
SFSWAP,SFSWAP
SFTPA2,SFTPA2
SFTPD,SFTPD
SFXN3,SFXN3
SGCZ,SGCZ
SGMS1,SGMS1
SH2D3A,SH2D3A
SH2D4A,SH2D4A
SH2D5,SH2D5
SH3D19,SH3D19
SH3GL2,SH3GL2
SH3GL3,SH3GL3
SH3RF1,SH3RF1
SH3RF2,SH3RF2
SHANK3,SHANK3
SHB,SHB
SHCBP1L,SHCBP1L
SHF,SHF
SHKBP1,SHKBP1
SHMT2,SHMT2
SHROOM4,SHROOM4
SI,SI
SIAH3,SIAH3
SIDT2,SIDT2
SIGLEC6,SIGLEC6
SIGMAR1,SIGMAR1
SIK2,SIK2
SIPA1L3,SIPA1L3
SIRPG,SIRPG
SIRT4,SIRT4
SIT1,SIT1
SIX6,SIX6
SKA3,SKA3
SKIV2L2,SKIV2L2
SKP2,SKP2
SLA2,SLA2
SLAIN2,SLAIN2
SLAMF7,SLAMF7
SLAMF9,SLAMF9
SLBP,SLBP
SLC12A2,SLC12A2
SLC12A6,SLC12A6
SLC16A1,SLC16A1
SLC16A3,SLC16A3
SLC17A3,SLC17A3
SLC18A2,SLC18A2
SLC18A3,SLC18A3
SLC1A2,SLC1A2
SLC1A6,SLC1A6
SLC20A2,SLC20A2
SLC22A13,SLC22A13
SLC22A25,SLC22A25
SLC22A5,SLC22A5
SLC24A1,SLC24A1
SLC24A2,SLC24A2
SLC25A11,SLC25A11
SLC25A14,SLC25A14
SLC25A18,SLC25A18
SLC25A28,SLC25A28
SLC25A3,SLC25A3
SLC25A31,SLC25A31
SLC25A33,SLC25A33
SLC25A38,SLC25A38
SLC25A46,SLC25A46
SLC25A47,SLC25A47
SLC26A2,SLC26A2
SLC26A8,SLC26A8
SLC27A2,SLC27A2
SLC2A14,SLC2A14
SLC2A4,SLC2A4
SLC30A3,SLC30A3
SLC30A8,SLC30A8
SLC30A9,SLC30A9
SLC32A1,SLC32A1
SLC34A3,SLC34A3
SLC35A1,SLC35A1
SLC35F4,SLC35F4
SLC36A2,SLC36A2
SLC39A11,SLC39A11
SLC39A13,SLC39A13
SLC39A2,SLC39A2
SLC39A3,SLC39A3
SLC39A4,SLC39A4
SLC40A1,SLC40A1
SLC43A2,SLC43A2
SLC45A3,SLC45A3
SLC46A2,SLC46A2
SLC47A2,SLC47A2
SLC48A1,SLC48A1
SLC4A3,SLC4A3
SLC4A7,SLC4A7
SLC50A1,SLC50A1
SLC5A1,SLC5A1
SLC5A2,SLC5A2
SLC6A18,SLC6A18
SLC7A13,SLC7A13
SLC7A4,SLC7A4
SLC7A5,SLC7A5
SLC7A7,SLC7A7
SLC8A2,SLC8A2
SLC9A2,SLC9A2
SLC9A3R2,SLC9A3R2
SLC9A8,SLC9A8
SLCO1B1,SLCO1B1
SLCO2A1,SLCO2A1
SLFN12,SLFN12
SLIT1,SLIT1
SLIT2,SLIT2
SLITRK1,SLITRK1
SLITRK5,SLITRK5
SLMO2,SLMO2
SLN,SLN
SLPI,SLPI
SLX4,SLX4
SMAD5,SMAD5
SMARCC1,SMARCC1
SMC5,SMC5
SMCR8,SMCR8
SMEK2,SMEK2
SMG6,SMG6
SMG8,SMG8
SMO,SMO
SMOC1,SMOC1
SMPDL3B,SMPDL3B
SMTN,SMTN
SMU1,SMU1
SNAI2,SNAI2
SNAP23,SNAP23
SNCA,SNCA
SNCAIP,SNCAIP
SNCG,SNCG
SNF8,SNF8
SNRK,SNRK
SNRPD3,SNRPD3
SNTA1,SNTA1
SNTG2,SNTG2
SNTN,SNTN
SNX11,SNX11
SNX18,SNX18
SNX19,SNX19
SNX20,SNX20
SNX33,SNX33
SOBP,SOBP
SOCS1,SOCS1
SOCS2,SOCS2
SOCS6,SOCS6
SOCS7,SOCS7
SOD1,SOD1
SOD2,SOD2
SOX15,SOX15
SOX3,SOX3
SOX7,SOX7
SP140L,SP140L
SPAST,SPAST
SPATA16,SPATA16
SPATA19,SPATA19
SPATA7,SPATA7
SPCS2,SPCS2
SPCS3,SPCS3
SPESP1,SPESP1
SPHKAP,SPHKAP
SPINK6,SPINK6
SPINK7,SPINK7
SPINT3,SPINT3
SPIRE1,SPIRE1
SPOCD1,SPOCD1
SPOP,SPOP
SPPL2A,SPPL2A
SPRED1,SPRED1
SPRR2F,SPRR2F
SPSB4,SPSB4
SPTA1,SPTA1
SPTLC2,SPTLC2
SQLE,SQLE
SQSTM1,SQSTM1
SRCAP,SRCAP
SRCRB4D,SRCRB4D
SRF,SRF
SRGAP3,SRGAP3
SRP54,SRP54
SRP68,SRP68
SRPK3,SRPK3
SRPX2,SRPX2
SRRM1,SRRM1
SRRM5,SRRM5
SRSF2,SRSF2
SRSF6,SRSF6
SRSF8,SRSF8
SSR1,SSR1
ST3GAL2,ST3GAL2
ST3GAL6,ST3GAL6
ST6GAL1,ST6GAL1
ST8SIA1,ST8SIA1
STAB1,STAB1
STAC,STAC
STAMBP,STAMBP
STAP2,STAP2
STARD10,STARD10
STARD3,STARD3
STARD3NL,STARD3NL
STAT2,STAT2
STC2,STC2
STEAP1B,STEAP1B
STK32B,STK32B
STK35,STK35
STK36,STK36
STK39,STK39
STK40,STK40
STOML2,STOML2
STS,STS
STX16,STX16
STX19,STX19
STX3,STX3
STX8,STX8
STYX,STYX
SUDS3,SUDS3
SULT1B1,SULT1B1
SULT4A1,SULT4A1
SULT6B1,SULT6B1
SUMO3,SUMO3
SUN3,SUN3
SUPV3L1,SUPV3L1
SURF6,SURF6
SUV39H1,SUV39H1
SUV39H2,SUV39H2
SUZ12,SUZ12
SV2C,SV2C
SYAP1,SYAP1
SYCN,SYCN
SYDE2,SYDE2
SYNDIG1,SYNDIG1
SYNE1,SYNE1
SYT11,SYT11
SYT14,SYT14
SYT8,SYT8
SYTL2,SYTL2
SZT2,SZT2
TAAR1,TAAR1
TAC1,TAC1
TAC3,TAC3
TACC2,TACC2
TACO1,TACO1
TACSTD2,TACSTD2
TAF15,TAF15
TAF1A,TAF1A
TAF1C,TAF1C
TAF1L,TAF1L
TAF2,TAF2
TAF9B,TAF9B
TAGLN2,TAGLN2
TALDO1,TALDO1
TAOK2,TAOK2
TAP1,TAP1
TARP,TARP
TAS2R14,TAS2R14
TAS2R41,TAS2R41
TAS2R5,TAS2R5
TAS2R8,TAS2R8
TASP1,TASP1
TBC1D17,TBC1D17
TBC1D23,TBC1D23
TBC1D24,TBC1D24
TBC1D29,TBC1D29
TBC1D2B,TBC1D2B
TBC1D30,TBC1D30
TBC1D3G,TBC1D3G
TBC1D8,TBC1D8
TBC1D9B,TBC1D9B
TBL2,TBL2
TBR1,TBR1
TBX20,TBX20
TCEAL2,TCEAL2
TCEAL5,TCEAL5
TCEAL6,TCEAL6
TCEB2,TCEB2
TCEB3B,TCEB3B
TCERG1,TCERG1
TCF21,TCF21
TCF4,TCF4
TCF7L1,TCF7L1
TCHHL1,TCHHL1
TCL1A,TCL1A
TCTEX1D1,TCTEX1D1
TDO2,TDO2
TDP2,TDP2
TDRD9,TDRD9
TEC,TEC
TEDDM1,TEDDM1
TEF,TEF
TELO2,TELO2
TEP1,TEP1
TERF2,TERF2
TES,TES
TEX101,TEX101
TEX13A,TEX13A
TEX22,TEX22
TEX264,TEX264
TEX28,TEX28
TFE3,TFE3
TG,TG
TGDS,TGDS
TGFB2,TGFB2
TGFB3,TGFB3
TGM1,TGM1
THAP1,THAP1
THAP4,THAP4
THG1L,THG1L
THOC5,THOC5
THOC7,THOC7
THSD4,THSD4
TIGD6,TIGD6
TIMELESS,TIMELESS
TIMM44,TIMM44
TIMM9,TIMM9
TIMP4,TIMP4
TIPRL,TIPRL
TJP3,TJP3
TLN2,TLN2
TM9SF1,TM9SF1
TMC2,TMC2
TMC4,TMC4
TMEFF2,TMEFF2
TMEM102,TMEM102
TMEM105,TMEM105
TMEM106A,TMEM106A
TMEM114,TMEM114
TMEM123,TMEM123
TMEM126A,TMEM126A
TMEM132A,TMEM132A
TMEM141,TMEM141
TMEM143,TMEM143
TMEM14C,TMEM14C
TMEM150A,TMEM150A
TMEM159,TMEM159
TMEM17,TMEM17
TMEM170A,TMEM170A
TMEM171,TMEM171
TMEM173,TMEM173
TMEM175,TMEM175
TMEM179,TMEM179
TMEM180,TMEM180
TMEM182,TMEM182
TMEM198,TMEM198
TMEM2,TMEM2
TMEM229B,TMEM229B
TMEM31,TMEM31
TMEM38B,TMEM38B
TMEM45B,TMEM45B
TMEM47,TMEM47
TMEM55A,TMEM55A
TMEM55B,TMEM55B
TMEM59L,TMEM59L
TMEM63B,TMEM63B
TMEM72,TMEM72
TMEM74,TMEM74
TMPRSS11E,TMPRSS11E
TMPRSS12,TMPRSS12
TMSB10,TMSB10
TMSB15B,TMSB15B
TMSB4Y,TMSB4Y
TMUB1,TMUB1
TNFAIP8L2,TNFAIP8L2
TNFRSF11A,TNFRSF11A
TNFRSF11B,TNFRSF11B
TNFRSF13B,TNFRSF13B
TNFRSF4,TNFRSF4
TNFRSF9,TNFRSF9
TNFSF11,TNFSF11
TNFSF15,TNFSF15
TNFSF18,TNFSF18
TNFSF8,TNFSF8
TNN,TNN
TNNI1,TNNI1
TNNI3K,TNNI3K
TNS3,TNS3
TOB2,TOB2
TOM1L1,TOM1L1
TOMM70A,TOMM70A
TOP1,TOP1
TOPBP1,TOPBP1
TP53INP2,TP53INP2
TPCN2,TPCN2
TPK1,TPK1
TPRX1,TPRX1
TPST2,TPST2
TPX2,TPX2
TRA2A,TRA2A
TRDN,TRDN
TREM2,TREM2
TRIAP1,TRIAP1
TRIM2,TRIM2
TRIM22,TRIM22
TRIM23,TRIM23
TRIM40,TRIM40
TRIM41,TRIM41
TRIM42,TRIM42
TRIM45,TRIM45
TRIM5,TRIM5
TRIM54,TRIM54
TRIM56,TRIM56
TRIM60,TRIM60
TRIM63,TRIM63
TRIM66,TRIM66
TRIM67,TRIM67
TRIML1,TRIML1
TRIP11,TRIP11
TRIP4,TRIP4
TRMT1,TRMT1
TRMT12,TRMT12
TRMT1L,TRMT1L
TRNAU1AP,TRNAU1AP
TRPM2,TRPM2
TRPS1,TRPS1
TRPV4,TRPV4
TSC1,TSC1
TSC22D1,TSC22D1
TSC22D2,TSC22D2
TSC22D4,TSC22D4
TSEN2,TSEN2
TSHZ1,TSHZ1
TSHZ3,TSHZ3
TSPAN16,TSPAN16
TSPAN7,TSPAN7
TSPYL1,TSPYL1
TSPYL2,TSPYL2
TSPYL4,TSPYL4
TSSC1,TSSC1
TSSK1B,TSSK1B
TSSK4,TSSK4
TSSK6,TSSK6
TTC18,TTC18
TTC21A,TTC21A
TTC21B,TTC21B
TTC24,TTC24
TTC30B,TTC30B
TTC36,TTC36
TTK,TTK
TTLL13,TTLL13
TTLL2,TTLL2
TTLL7,TTLL7
TTLL8,TTLL8
TTYH2,TTYH2
TTYH3,TTYH3
TUBB2A,TUBB2A
TUBB6,TUBB6
TUBG1,TUBG1
TUBGCP5,TUBGCP5
TULP2,TULP2
TUSC3,TUSC3
TUT1,TUT1
TWF1,TWF1
TWF2,TWF2
TXNDC3,TXNDC3
TXNRD2,TXNRD2
TXNRD3NB,TXNRD3NB
TYK2,TYK2
TYMP,TYMP
TYMS,TYMS
TYRP1,TYRP1
TYW3,TYW3
U2AF1L4,U2AF1L4
U2SURP,U2SURP
UBA1,UBA1
UBA2,UBA2
UBA7,UBA7
UBAC1,UBAC1
UBAP2,UBAP2
UBE2D4,UBE2D4
UBE2F,UBE2F
UBE2H,UBE2H
UBE2K,UBE2K
UBE2L6,UBE2L6
UBL5,UBL5
UBQLNL,UBQLNL
UBR4,UBR4
UBR7,UBR7
UBTD2,UBTD2
UBXN4,UBXN4
UCN2,UCN2
UCN3,UCN3
UCP3,UCP3
UGCG,UGCG
UGT2B10,UGT2B10
UGT3A2,UGT3A2
UHRF1BP1,UHRF1BP1
UIMC1,UIMC1
UNC119,UNC119
UNC45B,UNC45B
UNC50,UNC50
UNC5CL,UNC5CL
UNC5D,UNC5D
UPK1B,UPK1B
UPK2,UPK2
UQCRC2,UQCRC2
UQCRFS1,UQCRFS1
USMG5,USMG5
USP25,USP25
USP26,USP26
USP29,USP29
USP30,USP30
USP33,USP33
USP50,USP50
USP6NL,USP6NL
USP8,USP8
USP9Y,USP9Y
UTP20,UTP20
UTP3,UTP3
TCF7L1-IT1,TCF7L1-IT1
BCYRN1,BCYRN1
LINC00486,LINC00486
U91324.1,U91324.1
LINC00471,LINC00471
ANKRD44-IT1,ANKRD44-IT1
HOXD-AS1,HOXD-AS1
EFCAB14-AS1,EFCAB14-AS1
MKNK1-AS1,MKNK1-AS1
ST6GAL2-IT1,ST6GAL2-IT1
RMDN2-AS1,RMDN2-AS1
LINC00211,LINC00211
AL133249.1,AL133249.1
SMIM12-AS1,SMIM12-AS1
TSSC1-IT1,TSSC1-IT1
CTD-2619J13.9,CTD-2619J13.9
CTD-3138B18.6,CTD-3138B18.6
CTC-444N24.11,CTC-444N24.11
MIMT1,MIMT1
CTD-2621I17.6,CTD-2621I17.6
CTD-2611O12.8,CTD-2611O12.8
CTD-2537I9.13,CTD-2537I9.13
hsa-mir-519a-2,hsa-mir-519a-2
CTC-429C10.2,CTC-429C10.2
CTD-2616J11.9,CTD-2616J11.9
CTD-2616J11.16,CTD-2616J11.16
CTC-518B2.9,CTC-518B2.9
CTB-147C22.9,CTB-147C22.9
CTB-147C22.8,CTB-147C22.8
CTD-2639E6.9,CTD-2639E6.9
CTC-453G23.8,CTC-453G23.8
CTC-378H22.2,CTC-378H22.2
CTC-471F3.6,CTC-471F3.6
CTD-2540F13.2,CTD-2540F13.2
CTD-2086O20.3,CTD-2086O20.3
CTD-2293H3.1,CTD-2293H3.1
AD001527.5,AD001527.5
AF038458.2,AF038458.2
AD000864.5,AD000864.5
U62631.5,U62631.5
AD000684.2,AD000684.2
SCGB2B3P,SCGB2B3P
CTD-2540B15.9,CTD-2540B15.9
CTD-2540B15.10,CTD-2540B15.10
CTC-379B2.4,CTC-379B2.4
CTC-325L16.1,CTC-325L16.1
CTD-2050I18.1,CTD-2050I18.1
CTC-439O9.3,CTC-439O9.3
CTC-400I9.2,CTC-400I9.2
CTB-176F20.3,CTB-176F20.3
CTD-2542C24.8,CTD-2542C24.8
CTC-513N18.6,CTC-513N18.6
CTD-3137H5.1,CTD-3137H5.1
CTD-3222D19.11,CTD-3222D19.11
CTD-2231E14.4,CTD-2231E14.4
CTC-548K16.1,CTC-548K16.1
CTC-425F1.2,CTC-425F1.2
CTD-2659N19.2,CTD-2659N19.2
CTD-2192J16.11,CTD-2192J16.11
CTD-2553C6.1,CTD-2553C6.1
CTD-2586B10.1,CTD-2586B10.1
CTB-180A7.8,CTB-180A7.8
CTB-66B24.1,CTB-66B24.1
CTC-232P5.1,CTC-232P5.1
CTC-482H14.5,CTC-482H14.5
CTB-50L17.7,CTB-50L17.7
ZBTB40-IT1,ZBTB40-IT1
CDC42-IT1,CDC42-IT1
CTB-25B13.9,CTB-25B13.9
CTB-25B13.13,CTB-25B13.13
CTD-2619J13.23,CTD-2619J13.23
CTD-2537I9.5,CTD-2537I9.5
CTD-2105E13.13,CTD-2105E13.13
CTD-2105E13.15,CTD-2105E13.15
CTD-2587H19.3,CTD-2587H19.3
CTD-2587H19.1,CTD-2587H19.1
CTC-471J1.8,CTC-471J1.8
hsa-mir-125a,hsa-mir-125a
CTD-2560K21.6,CTD-2560K21.6
CTB-191K22.5,CTB-191K22.5
CTB-12A17.3,CTB-12A17.3
CTC-512J12.4,CTC-512J12.4
CTC-490G23.2,CTC-490G23.2
CTC-490E21.10,CTC-490E21.10
CTC-218B8.3,CTC-218B8.3
CTC-360G5.9,CTC-360G5.9
CTD-2528L19.6,CTD-2528L19.6
UPK1A-AS1,UPK1A-AS1
CTD-2527I21.7,CTD-2527I21.7
CTD-2588C8.8,CTD-2588C8.8
CTD-2085J24.4,CTD-2085J24.4
CTC-360P9.5,CTC-360P9.5
CTC-360P9.1,CTC-360P9.1
CTC-525D6.2,CTC-525D6.2
CTC-457E21.1,CTC-457E21.1
CTD-2521M24.5,CTD-2521M24.5
CTC-429P9.5,CTC-429P9.5
CTD-3222D19.5,CTD-3222D19.5
CTD-2562J15.4,CTD-2562J15.4
AD000091.2,AD000091.2
CTD-3252C9.2,CTD-3252C9.2
CTC-239J10.1,CTC-239J10.1
CTD-2342J14.6,CTD-2342J14.6
CTC-215O4.4,CTC-215O4.4
CTD-3193O13.13,CTD-3193O13.13
CTC-265F19.2,CTC-265F19.2
CTD-2286N8.2,CTD-2286N8.2
CTD-2008L17.1,CTD-2008L17.1
CAMTA1-IT1,CAMTA1-IT1
CTD-2124B20.3,CTD-2124B20.3
CTD-2015H3.1,CTD-2015H3.1
CTD-2015H3.2,CTD-2015H3.2
CTD-2526M8.2,CTD-2526M8.2
CTD-2526M8.3,CTD-2526M8.3
CTD-2171N6.1,CTD-2171N6.1
FAM87B,FAM87B
LYPD8,LYPD8
AATK-AS1,AATK-AS1
CTD-2116F7.1,CTD-2116F7.1
CTD-2246P4.1,CTD-2246P4.1
CTD-2532D12.4,CTD-2532D12.4
ABCA9-AS1,ABCA9-AS1
CTD-2319I12.2,CTD-2319I12.2
HOXB-AS4,HOXB-AS4
CTC-296K1.3,CTC-296K1.3
CTB-175E5.7,CTB-175E5.7
CTD-2267D19.6,CTD-2267D19.6
CTB-58E17.2,CTB-58E17.2
CTD-3194G12.1,CTD-3194G12.1
CTB-75G16.3,CTB-75G16.3
CTC-304I17.2,CTC-304I17.2
CDRT7,CDRT7
CTB-41I6.2,CTB-41I6.2
CTD-3195I5.3,CTD-3195I5.3
CTD-2561B21.10,CTD-2561B21.10
MIR3615,MIR3615
LINC00469,LINC00469
hsa-mir-6080,hsa-mir-6080
CTC-264K15.6,CTC-264K15.6
CTD-2319I12.5,CTD-2319I12.5
TBC1D3P1-DHX40P1,TBC1D3P1-DHX40P1
LINC00582,LINC00582
CTD-2020K17.4,CTD-2020K17.4
CTC-296K1.4,CTC-296K1.4
CTD-2132N18.2,CTD-2132N18.2
CTD-2206N4.2,CTD-2206N4.2
CTB-58E17.9,CTB-58E17.9
CTC-304I17.3,CTC-304I17.3
CTD-2349P21.11,CTD-2349P21.11
MIR4522,MIR4522
CTD-2104P17.2,CTD-2104P17.2
CTB-187M2.2,CTB-187M2.2
RAI1-AS1,RAI1-AS1
MPRIP-AS1,MPRIP-AS1
CTB-104H12.4,CTB-104H12.4
MIR497HG,MIR497HG
CTC-281F24.1,CTC-281F24.1
CTC-524C5.2,CTC-524C5.2
hsa-mir-212,hsa-mir-212
CTD-2542L18.1,CTD-2542L18.1
CTD-2588J6.2,CTD-2588J6.2
CTC-479C5.16,CTC-479C5.16
CTC-527H23.3,CTC-527H23.3
CTD-2196E14.3,CTD-2196E14.3
CTA-972D3.2,CTA-972D3.2
AF001548.6,AF001548.6
LA16c-312E8.2,LA16c-312E8.2
LA16c-366D3.1,LA16c-366D3.1
Z69666.2,Z69666.2
KCNH1-IT1,KCNH1-IT1
CTD-2012K14.3,CTD-2012K14.3
CTD-2012K14.2,CTD-2012K14.2
CTD-2050B12.2,CTD-2050B12.2
CTD-2050B12.1,CTD-2050B12.1
CTD-2144E22.6,CTD-2144E22.6
CTD-2014E2.2,CTD-2014E2.2
CTD-2515A14.1,CTD-2515A14.1
CTD-2313J23.1,CTD-2313J23.1
CTD-2196E14.5,CTD-2196E14.5
CTA-276F8.2,CTA-276F8.2
CTD-2135D7.4,CTD-2135D7.4
CTD-2135D7.2,CTD-2135D7.2
U95743.1,U95743.1
CTD-2535I10.1,CTD-2535I10.1
AJ003147.8,AJ003147.8
GS1-204I12.1,GS1-204I12.1
LA16c-329F2.1,LA16c-329F2.1
LA16c-425C2.1,LA16c-425C2.1
LA16c-349E10.1,LA16c-349E10.1
Z84812.4,Z84812.4
CTD-2315E11.1,CTD-2315E11.1
NTRK3-AS1,NTRK3-AS1
CTD-2240J17.1,CTD-2240J17.1
CTD-2071N1.1,CTD-2071N1.1
ADPGK-AS1,ADPGK-AS1
CTD-2184D3.4,CTD-2184D3.4
CTD-2007H18.1,CTD-2007H18.1
CTD-2382E5.3,CTD-2382E5.3
CT60,CT60
CTD-2643K12.3,CTD-2643K12.3
CTD-2329K10.1,CTD-2329K10.1
AL132709.8,AL132709.8
AL132796.1,AL132796.1
AL133168.3,AL133168.3
CTD-2547L24.4,CTD-2547L24.4
LINC00642,LINC00642
CTD-2142D14.1,CTD-2142D14.1
LINC00609,LINC00609
LINC00645,LINC00645
AL161668.5,AL161668.5
LINC00516,LINC00516
ASH1L-IT1,ASH1L-IT1
LINC00524,LINC00524
CTD-2644I21.1,CTD-2644I21.1
AL157871.2,AL157871.2
CTD-2335K5.1,CTD-2335K5.1
CTD-2540L5.6,CTD-2540L5.6
CTD-2325P2.3,CTD-2325P2.3
CTD-2566J3.1,CTD-2566J3.1
CTD-2509G16.2,CTD-2509G16.2
CTD-2555O16.1,CTD-2555O16.1
LINC00644,LINC00644
HIF1A-AS2,HIF1A-AS2
HIF1A-AS1,HIF1A-AS1
AL163953.2,AL163953.2
PTCSC3,PTCSC3
CTD-2311B13.5,CTD-2311B13.5
GAS6-AS1,GAS6-AS1
DCUN1D2-AS1,DCUN1D2-AS1
LINC00460,LINC00460
DOCK9-AS1,DOCK9-AS1
LINC00560,LINC00560
RBM26-AS1,RBM26-AS1
POU4F1-AS1,POU4F1-AS1
MYCBP2-AS2,MYCBP2-AS2
DIAPH3-AS2,DIAPH3-AS2
LINC00372,LINC00372
SUCLA2-AS1,SUCLA2-AS1
ENOX1-AS2,ENOX1-AS2
LINC00445,LINC00445
C1QTNF9B-AS1,C1QTNF9B-AS1
PSPC1-OT1,PSPC1-OT1
LINC00404,LINC00404
COL4A2-AS1,COL4A2-AS1
MYO16-AS1,MYO16-AS1
MYO16-AS2,MYO16-AS2
FAM155A-IT1,FAM155A-IT1
CLDN10-AS1,CLDN10-AS1
LINC00448,LINC00448
LINC00441,LINC00441
SMAD9-AS1,SMAD9-AS1
LINC00457,LINC00457
LINC00297,LINC00297
LINC00362,LINC00362
HOXB-AS2,HOXB-AS2
TUG1,TUG1
XX-FW81066F1.2,XX-FW81066F1.2
HOXA11-AS,HOXA11-AS
AL583842.1,AL583842.1
FAM230B,FAM230B
LA16c-83F12.6,LA16c-83F12.6
TTC3-AS1,TTC3-AS1
DENND5B-AS1,DENND5B-AS1
TTTY15,TTTY15
LINC00474,LINC00474
CTD-2336O2.1,CTD-2336O2.1
PRKAG2-AS1,PRKAG2-AS1
LINC00265,LINC00265
EMG1,EMG1
CTC-338M12.4,CTC-338M12.4
CTB-131B5.4,CTB-131B5.4
CTD-2015H6.3,CTD-2015H6.3
CTD-2089N3.1,CTD-2089N3.1
FAM13A-AS1,FAM13A-AS1
CTA-211A9.5,CTA-211A9.5
CBR3-AS1,CBR3-AS1
IDH1-AS1,IDH1-AS1
CTD-2291D10.3,CTD-2291D10.3
CTD-2562J15.6,CTD-2562J15.6
KCND3-IT1,KCND3-IT1
LINC00439,LINC00439
LINC00301,LINC00301
SEPT7L,SEPT7L
KDM4A-AS1,KDM4A-AS1
MAPKAPK5-AS1,MAPKAPK5-AS1
XXbac-BPG32J3.20,XXbac-BPG32J3.20
SERHL,SERHL
AP000346.2,AP000346.2
XXbac-B461K10.4,XXbac-B461K10.4
ANKRD62P1-PARP4P3,ANKRD62P1-PARP4P3
AD000685.1,AD000685.1
UHRF1,UHRF1
CTC-513N18.7,CTC-513N18.7
MAP3K14,MAP3K14
CTD-2524L6.2,CTD-2524L6.2
NR2E3,NR2E3
TMPO-AS1,TMPO-AS1
AL163636.6,AL163636.6
VPS11,VPS11
DDX11-AS1,DDX11-AS1
CTC-465D4.1,CTC-465D4.1
DPYD-IT1,DPYD-IT1
A2ML1-AS2,A2ML1-AS2
A2ML1-AS1,A2ML1-AS1
CD27-AS1,CD27-AS1
AP002856.5,AP002856.5
AP002856.6,AP002856.6
CTD-2216M2.1,CTD-2216M2.1
AP002954.3,AP002954.3
FAM225A,FAM225A
CTD-3064M3.1,CTD-3064M3.1
AP000997.2,AP000997.2
AP000462.3,AP000462.3
CTC-276P9.1,CTC-276P9.1
CTD-2170G1.2,CTD-2170G1.2
WWC2-AS2,WWC2-AS2
IGSF11-AS1,IGSF11-AS1
LINC00698,LINC00698
LINC00852,LINC00852
NAALADL2-AS3,NAALADL2-AS3
ADORA2A-AS1,ADORA2A-AS1
AP001476.2,AP001476.2
DSCR9,DSCR9
AP000233.2,AP000233.2
AP001347.6,AP001347.6
CTD-3162L10.1,CTD-3162L10.1
CSNK1G2-AS1,CSNK1G2-AS1
LINC00526,LINC00526
SLX1A-SULT1A3,SLX1A-SULT1A3
LINC00707,LINC00707
WDR11-AS1,WDR11-AS1
GATA3-AS1,GATA3-AS1
AP001189.4,AP001189.4
CTD-2530H12.4,CTD-2530H12.4
CTD-2562J17.9,CTD-2562J17.9
CTD-2562J17.7,CTD-2562J17.7
ARAP1-AS1,ARAP1-AS1
SHANK2-AS2,SHANK2-AS2
AP000439.1,AP000439.1
AP000438.2,AP000438.2
AP000442.1,AP000442.1
LRP4-AS1,LRP4-AS1
CTD-2210P24.1,CTD-2210P24.1
CTD-2507G9.1,CTD-2507G9.1
AP005135.2,AP005135.2
NTM-IT2,NTM-IT2
CTD-2555I5.1,CTD-2555I5.1
CTD-2530H12.7,CTD-2530H12.7
CTD-2313N18.5,CTD-2313N18.5
TTLL10-AS1,TTLL10-AS1
AP001271.5,AP001271.5
AP001271.3,AP001271.3
AP000487.4,AP000487.4
CTA-797E19.2,CTA-797E19.2
AP000439.2,AP000439.2
AP003068.9,AP003068.9
AP001187.9,AP001187.9
C11orf95,C11orf95
CTD-2531D15.4,CTD-2531D15.4
AP000442.4,AP000442.4
CTD-2589M5.4,CTD-2589M5.4
CTD-2560E9.3,CTD-2560E9.3
CTD-2140G10.1,CTD-2140G10.1
CTD-3064C13.1,CTD-3064C13.1
NAV2-AS1,NAV2-AS1
NAV2-AS2,NAV2-AS2
NAV2-AS5,NAV2-AS5
CTC-497E21.3,CTC-497E21.3
hsa-mir-107,hsa-mir-107
LINC00845,LINC00845
LINC00844,LINC00844
LINC00841,LINC00841
ZNF32-AS2,ZNF32-AS2
AL022344.5,AL022344.5
CYP4A22-AS1,CYP4A22-AS1
LINC00601,LINC00601
TTTY4C,TTTY4C
TTTY5,TTTY5
FAM41AY2,FAM41AY2
NLGN4Y-AS1,NLGN4Y-AS1
TTTY1,TTTY1
FAM197Y3,FAM197Y3
TTTY16,TTTY16
HCFC1-AS1,HCFC1-AS1
U82695.10,U82695.10
LL0XNC01-37G1.1,LL0XNC01-37G1.1
WI2-80269A6.1,WI2-80269A6.1
FMR1-IT1,FMR1-IT1
SPANXA2-OT1,SPANXA2-OT1
LL0XNC01-250H12.2,LL0XNC01-250H12.2
NXF4,NXF4
LINC00269,LINC00269
ZNF630-AS1,ZNF630-AS1
CASK-AS1,CASK-AS1
GK-IT1,GK-IT1
PCYT1B-AS1,PCYT1B-AS1
EIF1AX-AS1,EIF1AX-AS1
GS1-519E5.1,GS1-519E5.1
GPR50-AS1,GPR50-AS1
XIAP-AS1,XIAP-AS1
ALG13-AS1,ALG13-AS1
TCEAL3-AS1,TCEAL3-AS1
ARMCX3-AS1,ARMCX3-AS1
MID1IP1-AS1,MID1IP1-AS1
DHRSX-IT1,DHRSX-IT1
SNORD62A,SNORD62A
SNHG7,SNHG7
FAM225B,FAM225B
XXyac-YM21GA2.3,XXyac-YM21GA2.3
VPS13A-AS1,VPS13A-AS1
CTD-2501M5.1,CTD-2501M5.1
KIAA0196-AS1,KIAA0196-AS1
KB-1299A7.2,KB-1299A7.2
KB-1507C5.3,KB-1507C5.3
KB-1732A1.1,KB-1732A1.1
KB-1107E3.1,KB-1107E3.1
KB-1410C5.3,KB-1410C5.3
CTD-3239E11.2,CTD-3239E11.2
LINC00588,LINC00588
PRKG1-AS1,PRKG1-AS1
HMBOX1-IT1,HMBOX1-IT1
AF131215.8,AF131215.8
CTD-3023L14.1,CTD-3023L14.1
AF186192.1,AF186192.1
RHPN1-AS1,RHPN1-AS1
KB-1410C5.2,KB-1410C5.2
KB-1608C10.2,KB-1608C10.2
GS1-251I9.2,GS1-251I9.2
CTD-3118D11.2,CTD-3118D11.2
CTD-3080F16.3,CTD-3080F16.3
CTD-2544N14.3,CTD-2544N14.3
LINC00589,LINC00589
AF131216.5,AF131216.5
AF131215.2,AF131215.2
LINC00599,LINC00599
AF067845.1,AF067845.1
CTD-2281E23.1,CTD-2281E23.1
U66061.31,U66061.31
CTB-161K23.1,CTB-161K23.1
CTA-254O6.1,CTA-254O6.1
LINC00035,LINC00035
GS1-18A18.1,GS1-18A18.1
MACC1-AS1,MACC1-AS1
WI2-2373I1.2,WI2-2373I1.2
VIM-AS1,VIM-AS1
ATP6V0E2-AS1,ATP6V0E2-AS1
USP6NL-IT1,USP6NL-IT1
ST7-AS1,ST7-AS1
CTB-111H14.1,CTB-111H14.1
CTB-167B5.2,CTB-167B5.2
MAGI2-IT1,MAGI2-IT1
CTB-51J22.1,CTB-51J22.1
GS1-124K5.11,GS1-124K5.11
GS1-278J22.1,GS1-278J22.1
CALML3-AS1,CALML3-AS1
RNF216-IT1,RNF216-IT1
ZMYM4-AS1,ZMYM4-AS1
EZR-AS1,EZR-AS1
SYNJ2-IT1,SYNJ2-IT1
CTA-212D2.2,CTA-212D2.2
LINC00701,LINC00701
SIGLECP3,SIGLECP3
OSTM1-AS1,OSTM1-AS1
XX-CR54.1,XX-CR54.1
OOEP-AS1,OOEP-AS1
XXbac-BPG55C20.7,XXbac-BPG55C20.7
MLIP-IT1,MLIP-IT1
BTBD9-AS1,BTBD9-AS1
HCP5,HCP5
XXbac-BPG181B23.4,XXbac-BPG181B23.4
XXbac-BPG308J9.3,XXbac-BPG308J9.3
XXbac-BCX196D17.5,XXbac-BCX196D17.5
HCG15,HCG15
CTA-14H9.5,CTA-14H9.5
E2F3-IT1,E2F3-IT1
LINC00184,LINC00184
REV3L-IT1,REV3L-IT1
ARMC2-AS1,ARMC2-AS1
LINC00577,LINC00577
KCNQ5-AS1,KCNQ5-AS1
CTD-2090I13.1,CTD-2090I13.1
LINC00336,LINC00336
XXbac-BPG181M17.6,XXbac-BPG181M17.6
CTC-338M12.9,CTC-338M12.9
CTD-2532K18.2,CTD-2532K18.2
CTB-43E15.1,CTB-43E15.1
CTB-33O18.3,CTB-33O18.3
CTB-33O18.2,CTB-33O18.2
CTC-308K20.2,CTC-308K20.2
CTD-2270F17.1,CTD-2270F17.1
CTC-436K13.3,CTC-436K13.3
CTB-35F21.4,CTB-35F21.4
CTD-2410N18.3,CTD-2410N18.3
CTC-573M9.1,CTC-573M9.1
CTC-369A16.3,CTC-369A16.3
CTD-2334D19.1,CTD-2334D19.1
CTD-3179P9.2,CTD-3179P9.2
CTC-428G20.2,CTC-428G20.2
CTC-313D10.1,CTC-313D10.1
CTC-487M23.5,CTC-487M23.5
PROX1-IT1,PROX1-IT1
CTC-459M5.1,CTC-459M5.1
STARD4-AS1,STARD4-AS1
CTD-2061E19.6,CTD-2061E19.6
CTC-493L21.2,CTC-493L21.2
CTD-2218K11.2,CTD-2218K11.2
CTC-564N23.2,CTC-564N23.2
CTC-537E7.1,CTC-537E7.1
CTD-2582M21.1,CTD-2582M21.1
CTD-2244C20.2,CTD-2244C20.2
CTD-2023N9.1,CTD-2023N9.1
CTD-2636A23.2,CTD-2636A23.2
CTC-305H11.1,CTC-305H11.1
CTC-471C19.2,CTC-471C19.2
CTD-2008N3.1,CTD-2008N3.1
